"Locality","District","Office","PoliticalParty","BallotName","Seats","CandidateId"
"","001","Member, House of Delegates (1st District)","Democratic","Patrick A. Hope","1","cs548"
"","002","Member, House of Delegates (2nd District)","Democratic","Adele Y. McClure","1","cs271"
"","003","Member, House of Delegates (3rd District)","Democratic","Alfonso H. Lopez","1","cs487"
"","004","Member, House of Delegates (4th District)","Democratic","Charniele L. Herring","1","cs211"
"","005","Member, House of Delegates (5th District)","Democratic","Elizabeth B. Bennett-Parker","1","cs711"
"","006","Member, House of Delegates (6th District)","Democratic","Richard C. ""Rip"" Sullivan, Jr.","1","cs597"
"","007","Member, House of Delegates (7th District)","Democratic","Karen A. Keys-Gamarra","1","cs9"
"","008","Member, House of Delegates (8th District)","Democratic","Irene Shin","1","cs635"
"","009","Member, House of Delegates (9th District)","Democratic","Karrie K. Delaney","1","cs135"
"","010","Member, House of Delegates (10th District)","Democratic","Dan I. Helmer","1","cs420"
"","011","Member, House of Delegates (11th District)","Democratic","David L. Bulova","1","cs262"
"","012","Member, House of Delegates (12th District)","Democratic","Holly M. Seibold","1","cs1049"
"","013","Member, House of Delegates (13th District)","Democratic","Marcus B. Simon","1","cs541"
"","014","Member, House of Delegates (14th District)","Democratic","Vivian E. Watts","1","cs722"
"","015","Member, House of Delegates (15th District)","Democratic","Laura Jane H. Cohen","1","cs984"
"","016","Member, House of Delegates (16th District)","Democratic","Paul E. Krizek","1","cs152"
"","017","Member, House of Delegates (17th District)","Democratic","Mark D. Sickles","1","cs811"
"","018","Member, House of Delegates (18th District)","Democratic","Kathy K. L. Tran","1","cs186"
"","019","Member, House of Delegates (19th District)","Democratic","Rozia A. ""J.R."" Henson, Jr","1","cs233"
"","020","Member, House of Delegates (20th District)","Democratic","Michelle-Ann E. Lopes Maldonado","1","cs1041"
"","021","Member, House of Delegates (21st District)","Democratic","Joshua E. Thomas","1","cs107"
"","022","Member, House of Delegates (22nd District)","Democratic","Elizabeth R. Guzman","1","cs903"
"","023","Member, House of Delegates (23rd District)","Democratic","Candi Patrice Mundon King","1","cs526"
"","024","Member, House of Delegates (24th District)","Democratic","Luke E. Torian","1","cs937"
"","025","Member, House of Delegates (25th District)","Democratic","Briana D. Sewell","1","cs422"
"","026","Member, House of Delegates (26th District)","Democratic","JJ Singh","1","cs344"
"","027","Member, House of Delegates (27th District)","Democratic","Atoosa R. Reaser","1","cs800"
"","028","Member, House of Delegates (28th District)","Democratic","David A. Reid","1","cs32"
"","029","Member, House of Delegates (29th District)","Democratic","Fernando J. ""Marty"" Martinez","1","cs583"
"","030","Member, House of Delegates (30th District)","Democratic","John Chilton McAuliff","1","cs501"
"","031","Member, House of Delegates (31st District)","Republican","Delores R. Oates","1","cs553"
"","032","Member, House of Delegates (32nd District)","Republican","William D. ""Bill"" Wiley","1","cs833"
"","033","Member, House of Delegates (33rd District)","Republican","Justin L. Pence","1","cs696"
"","034","Member, House of Delegates (34th District)","Republican","Tony O. Wilt","1","cs589"
"","035","Member, House of Delegates (35th District)","Republican","Chris S. Runion","1","cs705"
"","036","Member, House of Delegates (36th District)","Republican","Ellen H. Campbell","1","cs389"
"","037","Member, House of Delegates (37th District)","Republican","Terry L. Austin","1","cs405"
"","038","Member, House of Delegates (38th District)","Democratic","S. ""Sam"" Rasoul","1","cs878"
"","039","Member, House of Delegates (39th District)","Republican","Will P. Davis","1","cs204"
"","040","Member, House of Delegates (40th District)","Republican","Joseph P. ""Joe"" McNamara","1","cs227"
"","041","Member, House of Delegates (41st District)","Democratic","Lily V. Franklin","1","cs442"
"","042","Member, House of Delegates (42nd District)","Republican","Jason S. Ballard","1","cs480"
"","043","Member, House of Delegates (43rd District)","Republican","James W. ""Will"" Morefield","1","cs385"
"","044","Member, House of Delegates (44th District)","Republican","Israel D. O'Quinn","1","cs436"
"","045","Member, House of Delegates (45th District)","Republican","Terry G. Kilgore","1","cs35"
"","046","Member, House of Delegates (46th District)","Republican","Mitchell D. Cornett","1","cs989"
"","047","Member, House of Delegates (47th District)","Republican","Wren M. Williams","1","cs508"
"","048","Member, House of Delegates (48th District)","Republican","Eric J. Phillips","1","cs97"
"","049","Member, House of Delegates (49th District)","Republican","Madison John R. Whittle","1","cs861"
"","050","Member, House of Delegates (50th District)","Republican","Thomas C. Wright, Jr.","1","cs673"
"","051","Member, House of Delegates (51st District)","Republican","Eric R. Zehr","1","cs894"
"","052","Member, House of Delegates (52nd District)","Republican","Wendell S. Walker","1","cs50"
"","053","Member, House of Delegates (53rd District)","Republican","Timothy P. Griffin","1","cs647"
"","054","Member, House of Delegates (54th District)","Democratic","Katrina E. Callsen","1","cs1030"
"","055","Member, House of Delegates (55th District)","Democratic","Amy J. Laufer","1","cs324"
"","056","Member, House of Delegates (56th District)","Republican","Thomas A. ""Tom"" Garrett, Jr.","1","cs160"
"","057","Member, House of Delegates (57th District)","Democratic","May Nivar","1","cs175"
"","058","Member, House of Delegates (58th District)","Democratic","Rodney T. Willett","1","cs80"
"","059","Member, House of Delegates (59th District)","Republican","H. F. ""Buddy"" Fowler Jr.","1","cs1044"
"","060","Member, House of Delegates (60th District)","Republican","Scott A. Wyatt","1","cs472"
"","061","Member, House of Delegates (61st District)","Republican","Michael J. Webert","1","cs1052"
"","062","Member, House of Delegates (62nd District)","Republican","Karen F. Hamilton","1","cs851"
"","063","Member, House of Delegates (63rd District)","Republican","Phillip A. ""Phil"" Scott","1","cs550"
"","064","Member, House of Delegates (64th District)","Democratic","Stacey A. Carroll","1","cs956"
"","065","Member, House of Delegates (65th District)","Democratic","Joshua G. Cole","1","cs481"
"","066","Member, House of Delegates (66th District)","Democratic","Nicole Tarlton Cole","1","cs772"
"","067","Member, House of Delegates (67th District)","Republican","Hillary Pugh Kent","1","cs364"
"","068","Member, House of Delegates (68th District)","Republican","M. Keith Hodges","1","cs775"
"","069","Member, House of Delegates (69th District)","Democratic","Mark C. Downey","1","cs951"
"","070","Member, House of Delegates (70th District)","Democratic","Shelly A. Simonds","1","cs27"
"","071","Member, House of Delegates (71st District)","Democratic","Jessica L. Anderson","1","cs1005"
"","072","Member, House of Delegates (72nd District)","Republican","R. Lee Ware Jr.","1","cs912"
"","073","Member, House of Delegates (73rd District)","Democratic","Leslie C. Mehta","1","cs103"
"","074","Member, House of Delegates (74th District)","Republican","Mike A. Cherry","1","cs478"
"","075","Member, House of Delegates (75th District)","Democratic","Lindsey M. Dougherty","1","cs57"
"","076","Member, House of Delegates (76th District)","Democratic","Debra D. Gardner","1","cs874"
"","077","Member, House of Delegates (77th District)","Democratic","Michael J. Jones","1","cs821"
"","078","Member, House of Delegates (78th District)","Democratic","Betsy B. Carr","1","cs932"
"","079","Member, House of Delegates (79th District)","Democratic","Rae C. Cousins","1","cs188"
"","080","Member, House of Delegates (80th District)","Democratic","Destiny L. LeVere Bolling","1","cs575"
"","081","Member, House of Delegates (81st District)","Democratic","Delores L. McQuinn","1","cs777"
"","082","Member, House of Delegates (82nd District)","Democratic","Kimberly Pope Adams","1","cs1055"
"","083","Member, House of Delegates (83rd District)","Republican","H. Otto Wachsmann, Jr.","1","cs193"
"","084","Member, House of Delegates (84th District)","Democratic","Nadarius E. Clark","1","cs84"
"","085","Member, House of Delegates (85th District)","Democratic","Marcia S. ""Cia"" Price","1","cs755"
"","086","Member, House of Delegates (86th District)","Democratic","Virgil G. Thornton, Sr.","1","cs998"
"","087","Member, House of Delegates (87th District)","Democratic","Jeion A. Ward","1","cs847"
"","088","Member, House of Delegates (88th District)","Democratic","Don L. Scott Jr.","1","cs972"
"","089","Member, House of Delegates (89th District)","Democratic","Karen Robins ""Kacey"" Carnegie","1","cs155"
"","090","Member, House of Delegates (90th District)","Republican","James A. ""Jay"" Leftwich, Jr.","1","cs562"
"","091","Member, House of Delegates (91st District)","Democratic","C. E. ""Cliff"" Hayes Jr.","1","cs506"
"","092","Member, House of Delegates (92nd District)","Democratic","Bonita Grace Anthony","1","cs558"
"","093","Member, House of Delegates (93rd District)","Democratic","Jackie Hope Glass","1","cs474"
"","094","Member, House of Delegates (94th District)","Democratic","Phil M. Hernandez","1","cs689"
"","095","Member, House of Delegates (95th District)","Democratic","Alex Q. Askew","1","cs802"
"","096","Member, House of Delegates (96th District)","Democratic","Kelly K. Convirs-Fowler","1","cs595"
"","097","Member, House of Delegates (97th District)","Democratic","Michael B. Feggans","1","cs423"
"","098","Member, House of Delegates (98th District)","Republican","Barry D. Knight","1","cs148"
"","099","Member, House of Delegates (99th District)","Republican","Anne Ferrell Tata","1","cs831"
"","100","Member, House of Delegates (100th District)","Republican","Robert S. Bloxom Jr.","1","cs732"
"","BRODNAX","Mayor (Town of Brodnax)","","Don E. Dugger","1","cs892"
"","BRODNAX","Member Town Council (Town of Brodnax)","","Andrew L. Dugger","2","cs184"
"","BRODNAX","Member Town Council (Town of Brodnax)","","Patricia W. Holmes","2","cs185"
"","KILMARNOCK","Member Town Council - Special (Town of Kilmarnock)","","Matthew A. Cunningham","1","cs849"
"","Lexington City, Rockbridge County","Sheriff (Lexington City, Rockbridge County)","","Tony A. McFaddin Jr.","1","cs934"
"","SALTVILLE","Member Town Council - Special (Town of Saltville)","","John W. Carter","1","cs685"
"","SCOTTSVILLE","Member Town Council - Special (Town of Scottsville)","","Molly Jordan Angevine","1","cs17"
"","ST PAUL","Mayor (Town of St Paul)","","Ken R. Holbrook","1","cs787"
"","ST PAUL","Member Town Council (Town of St Paul)","","Carey B. Watkins","3","cs296"
"","ST PAUL","Member Town Council (Town of St Paul)","","Samuel M. ""Matt"" Jordan","3","cs295"
"","ST PAUL","Member Town Council (Town of St Paul)","","William C. ""Bill"" Wallace","3","cs293"
"","Virginia","Attorney General","Democratic","Jay C. Jones","1","cs838"
"","Virginia","Governor","Democratic","Abigail D. Spanberger","1","cs852"
"","Virginia","Lieutenant Governor","Democratic","Ghazala F. Hashmi","1","cs329"
"ACCOMACK COUNTY","ACCOMAC","Mayor (Town of Accomac)","Write-In","Shawn L. Boutet","1","cs987"
"ALBEMARLE COUNTY","JACK JOUETT DISTRICT","Member Board of Supervisors (Jack Jouett District)","","Sally A. Duncan","1","cs354"
"ALBEMARLE COUNTY","JACK JOUETT DISTRICT","Member School Board (Jack Jouett District)","","Kate L. Acuff","1","cs1057"
"ALBEMARLE COUNTY","RIO DISTRICT","Member Board of Supervisors (Rio District)","","Ned L. Gallaway","1","cs1062"
"ALBEMARLE COUNTY","RIO DISTRICT","Member School Board (Rio District)","","Jim E. Dillenbeck","1","cs1073"
"ALBEMARLE COUNTY","SAMUEL MILLER DISTRICT","Member Board of Supervisors (Samuel Miller District)","","Frederick A ""Fred"" Missel","1","cs314"
"ALBEMARLE COUNTY","SAMUEL MILLER DISTRICT","Member School Board (Samuel Miller District)","","Robert E. ""Bob"" Beard","1","cs251"
"ALEXANDRIA CITY","ALEXANDRIA CITY","Commonwealth's Attorney (Alexandria City)","","Bryan L. Porter","1","cs1075"
"ALEXANDRIA CITY","ALEXANDRIA CITY","Sheriff (Alexandria City)","","Sean Casey","1","cs585"
"ALLEGHANY COUNTY","ALLEGHANY COUNTY","Member School Board - At Large","","Jonathan A. Lanford","1","cs491"
"ALLEGHANY COUNTY","CLIFTON FORGE EAST DISTRICT","Member Board of Supervisors (Clifton Forge East District)","Write-In","Shannon Miller Brantley","1","ShannonMillerBrantley-2-"
"ALLEGHANY COUNTY","CLIFTON FORGE WEST DISTRICT","Member Board of Supervisors (Clifton Forge West District)","Write-In","Courtney Fridley Howard","1","CourtneyFridleyHoward-2-"
"ALLEGHANY COUNTY","COVINGTON DISTRICT","Member Board of Supervisors (Covington District)","","James M. Griffith","1","cs494"
"ALLEGHANY COUNTY","IRON GATE","Member Town Council - Special ","","Christopher D. Mayo","1","cs406"
"ALLEGHANY COUNTY","IRON GATE","Member Town Council -- Special","","Norvella H. Burrell","2","cs1022"
"ALLEGHANY COUNTY","IRON GATE","Member Town Council -- Special","","Patricia A. Shifflett","2","cs1023"
"ALLEGHANY COUNTY","JACKSON RIVER DISTRICT","Member Board of Supervisors (Jackson River District)","","Stephen A. Bennett","1","cs246"
"AMELIA COUNTY","DISTRICT 2","Member Board of Supervisors (District 2)","","Dexter L. Jones","1","cs700"
"AMELIA COUNTY","DISTRICT 2","Member School Board (District 2)","","Robyn D. Whittington","1","cs191"
"AMELIA COUNTY","DISTRICT 5","Member Board of Supervisors (District 5)","","R. Todd  Robinson","1","cs813"
"AMELIA COUNTY","DISTRICT 5","Member School Board (District 5)","","Michael P. Weaver","1","cs680"
"AMHERST COUNTY","AMHERST","Member Town Council - Special (Town of Amherst)","","S.S. ""Sonny"" Sundaramurthy","1","cs59"
"AMHERST COUNTY","AMHERST COUNTY","Member School Board At Large (Amherst County)","","Jason D. Childress","1","cs247"
"AMHERST COUNTY","DISTRICT 2","Member Board of Supervisors (District 2)","","Claudia Duck Tucker","1","cs884"
"AMHERST COUNTY","DISTRICT 2","Member School Board (District 2)","","Dawn N. Justice","1","cs1048"
"AMHERST COUNTY","DISTRICT 5","Member Board of Supervisors (District 5)","","V. Frank Campbell, Jr.","1","cs316"
"AMHERST COUNTY","DISTRICT 5","Member School Board (District 5)","","Eric J. Orasi","1","cs510"
"APPOMATTOX COUNTY","APPOMATTOX","Member Town Council - Special","","Jack L. Hensley","1","cs980"
"APPOMATTOX COUNTY","COURTHOUSE DISTRICT","Member Board of Supervisors (Courthouse District)","","Nathan A. Simpson","1","cs377"
"APPOMATTOX COUNTY","COURTHOUSE DISTRICT","Member School Board (Courthouse District)","Write-In","Daniel T. Richardson","1","DanielT.Richardson-1-"
"APPOMATTOX COUNTY","PINEY MOUNTAIN DISTRICT","Member Board of Supervisors (Piney Mountain District)","","Alfred L. ""Al"" Jones, III","1","cs996"
"APPOMATTOX COUNTY","PINEY MOUNTAIN DISTRICT","Member School Board (Piney Mountain District)","","Miranda L. Almond","1","cs971"
"ARLINGTON COUNTY","ARLINGTON COUNTY","Member County Board (Arlington County)","","Takis P. Karantonis","1","cs710"
"ARLINGTON COUNTY","ARLINGTON COUNTY","Member School Board (Arlington County)","","Monique A. ""Moe"" Bryant","1","cs761"
"AUGUSTA COUNTY","BEVERLEY MANOR DISTRICT","Member Board of Supervisors (Beverley Manor District)","","Stephen J. Grepps Sr.","1","cs617"
"AUGUSTA COUNTY","BEVERLEY MANOR DISTRICT","Member School Board (Beverley Manor District)","","Daniel H. Whitmire","1","cs924"
"AUGUSTA COUNTY","MIDDLE RIVER DISTRICT","Member Board of Supervisors (Middle River District)","","Gerald W. Garber","1","cs976"
"AUGUSTA COUNTY","MIDDLE RIVER DISTRICT","Member School Board (Middle River District)","","David R. Shiflett","1","cs215"
"AUGUSTA COUNTY","PASTURES DISTRICT","Member Board of Supervisors (Pastures District)","","Chris S. Kincheloe","1","cs639"
"AUGUSTA COUNTY","PASTURES DISTRICT","Member School Board (Pastures District)","","John L. Ocheltree, Jr.","1","cs721"
"BATH COUNTY","CEDAR CREEK DISTRICT","Member Board of Supervisors (Cedar Creek District)","","Ronald R. Shifflett","1","cs896"
"BATH COUNTY","CEDAR CREEK DISTRICT","Member School Board (Cedar Creek District)","","Karen W. Hise","1","cs168"
"BATH COUNTY","WILLIAMSVILLE DISTRICT","Member Board of Supervisors (Williamsville District)","","Lynn Ellen Black","1","cs776"
"BATH COUNTY","WILLIAMSVILLE DISTRICT","Member School Board (Williamsville District)","","Clara Cauley Tennant","1","cs355"
"BEDFORD COUNTY","DISTRICT 1","Member School Board (District 1)","","Jordan A. Karnes","1","cs684"
"BEDFORD COUNTY","DISTRICT 2","Member Board of Supervisors (District 2)","","Edgar R. Tuck","1","cs205"
"BEDFORD COUNTY","DISTRICT 2","Member School Board (District 2)","Write-In","Matthew P. Holbrook","1","MatthewP.Holbrook-1-"
"BEDFORD COUNTY","DISTRICT 3","Member Board of Supervisors (District 3)","","Charla Faye Bansley","1","cs116"
"BEDFORD COUNTY","DISTRICT 3","Member School Board (District 3)","","Steven K. Hill","1","cs218"
"BEDFORD COUNTY","DISTRICT 4","Member Board of Supervisors (District 4)","","John R. Sharp, Sr.","1","cs577"
"BEDFORD COUNTY","DISTRICT 4","Member School Board (District 4)","","Jill C. Dobson","1","cs243"
"BLAND COUNTY","DISTRICT 2","Member Board of Supervisors (District 2)","","Stephen L. Kelley","1","cs650"
"BLAND COUNTY","DISTRICT 2","Member School Board (District 2)","","M. David Andrews","1","cs885"
"BLAND COUNTY","DISTRICT 4","Member Board of Supervisors (District 4)","","Keith P. Costello","1","cs245"
"BLAND COUNTY","DISTRICT 4","Member School Board (District 4)","Write-In","Jerri E. Harman","1","JerriE.Harman-1-"
"BOTETOURT COUNTY","AMSTERDAM DISTRICT","Member Board of Supervisors (Amsterdam District)","","Tim T. Snyder","1","cs255"
"BOTETOURT COUNTY","AMSTERDAM DISTRICT","Member School Board (Amsterdam District)","","Anna L. Weddle","1","cs515"
"BOTETOURT COUNTY","BUCHANAN","Member Town Council - Special (Town of Buchanan)","","Shean C. Bowers","1","cs982"
"BOTETOURT COUNTY","BUCHANAN DISTRICT","Member Board of Supervisors (Buchanan District)","","Linda M. Rottman","1","cs655"
"BOTETOURT COUNTY","BUCHANAN DISTRICT","Member School Board (Buchanan District)","","Jenny P. Wilson","1","cs461"
"BOTETOURT COUNTY","TROUTVILLE","Mayor - Special (Town of Troutville)","Write-In","Spurgeon O. Vaughan","1","SpurgeonO.Vaughan-1-"
"BOTETOURT COUNTY","TROUTVILLE","Member Town Council - Special (Town of Troutville)","Write-In","Harry J. Ulrich, Jr.","1","HarryJ.Ulrich,Jr.-1-"
"BOTETOURT COUNTY","TROUTVILLE","Member Town Council (Town of Troutville)","","Jonathan T. Simmons","3","cs150"
"BOTETOURT COUNTY","TROUTVILLE","Member Town Council (Town of Troutville)","","Laura C. Bumgarner","3","cs149"
"BOTETOURT COUNTY","TROUTVILLE","Member Town Council (Town of Troutville)","","Vickie L. Abbott","3","cs151"
"BRISTOL CITY","BRISTOL CITY","Commissioner of Revenue (Bristol City)","","Cloe Eva Barker","1","cs768"
"BRISTOL CITY","BRISTOL CITY","Commonwealth's Attorney (Bristol City)","","Jerry Allen Wolfe","1","cs712"
"BRISTOL CITY","BRISTOL CITY","Sheriff (Bristol City)","","R. Tyrone Foster","1","cs666"
"BRISTOL CITY","BRISTOL CITY","Treasurer (Bristol City)","","Angelia Harris ""Angel"" Britt","1","cs1017"
"BUCKINGHAM COUNTY","DILLWYN","Mayor (Dillwyn)","","Karen S. Frable-Moss","1","cs668"
"BUCKINGHAM COUNTY","DILLWYN","Member Town Council (Dillwyn)","Write-In","Janel B. Venable","6","JanelB.Venable-6-"
"BUCKINGHAM COUNTY","DILLWYN","Member Town Council (Dillwyn)","Write-In","Keith L. Kelly","6","KeithL.Kelly-4-"
"BUCKINGHAM COUNTY","DILLWYN","Member Town Council (Dillwyn)","Write-In","Philip C. Barnard","6","PhilipC.Barnard-3-"
"BUCKINGHAM COUNTY","DILLWYN","Member Town Council (Dillwyn)","Write-In","Sandra F. Moss","6","CaryA.Lauzon-5-"
"BUCKINGHAM COUNTY","DILLWYN","Member Town Council (Dillwyn)","","Sharon J. Baker","6","cs516"
"BUCKINGHAM COUNTY","DILLWYN","Member Town Council (Dillwyn)","","Stephanie M. Miller","6","cs517"
"BUCKINGHAM COUNTY","DISTRICT 1","Member School Board (District 1)","","David W. Christian","1","cs611"
"BUENA VISTA CITY","BUENA VISTA CITY","Commissioner of Revenue (Buena Vista City)","","Ashton C. Beverley","1","cs880"
"BUENA VISTA CITY","BUENA VISTA CITY","Commonwealth's Attorney (Buena Vista City)","","Joshua O. Elrod","1","cs157"
"BUENA VISTA CITY","BUENA VISTA CITY","Mayor (Buena Vista City)","","Jesse D. Lineberry","1","cs927"
"BUENA VISTA CITY","BUENA VISTA CITY","Member City Council (Buena Vista City)","","Amy S. Gilliam","3","cs311"
"BUENA VISTA CITY","BUENA VISTA CITY","Member City Council (Buena Vista City)","","Daniel L. ""Danny"" Staton ","3","cs307"
"BUENA VISTA CITY","BUENA VISTA CITY","Member City Council (Buena Vista City)","","Stephanie L. Noel-Branch","3","cs312"
"BUENA VISTA CITY","BUENA VISTA CITY","Member School Board (Buena Vista City)","Write-In","Charles L. Jolley","4","wi-cc240"
"BUENA VISTA CITY","BUENA VISTA CITY","Member School Board (Buena Vista City)","","Duncan R. ""Ray"" Gilbert","4","cs368"
"BUENA VISTA CITY","BUENA VISTA CITY","Member School Board (Buena Vista City)","","Lisa B. Kerr","4","cs367"
"BUENA VISTA CITY","BUENA VISTA CITY","Member School Board (Buena Vista City)","","Roy E. Mohler","4","cs366"
"BUENA VISTA CITY","BUENA VISTA CITY","Sheriff (Buena Vista City)","","W. R. ""Randy"" Hamilton Jr","1","cs221"
"BUENA VISTA CITY","BUENA VISTA CITY","Treasurer (Buena Vista City)","","Amarilis M. Hudson","1","cs109"
"CAMPBELL COUNTY","ALTAVISTA","Member Town Council - Special - Altavista ","","J. Scott Lowman","1","cs918"
"CAMPBELL COUNTY","BROOKNEAL","Member Town Council - Special (Town of Brookneal)","","Joseph B. ""Benny"" David ","1","cs342"
"CAMPBELL COUNTY","BROOKNEAL DISTRICT","Member Board of Supervisors (Brookneal District)","","Charlie G. Watts II","1","cs362"
"CAMPBELL COUNTY","BROOKNEAL DISTRICT","Member School Board (Brookneal District)","","Maurice C. Peerman","1","cs1039"
"CAMPBELL COUNTY","RUSTBURG DISTRICT","Member Board of Supervisors (Rustburg District)","","Jon R. Hardie","1","cs906"
"CAMPBELL COUNTY","RUSTBURG DISTRICT","Member School Board (Rustburg District)","","David W. Phillips","1","cs47"
"CAMPBELL COUNTY","TIMBERLAKE DISTRICT","Member Board of Supervisors (Timberlake District)","","Justin A. Carwile","1","cs395"
"CAMPBELL COUNTY","TIMBERLAKE DISTRICT","Member School Board (Timberlake District)","","Ann M. Parker","1","cs607"
"CARROLL COUNTY","FANCY GAP DISTRICT","Member Board of Supervisors (Fancy Gap District)","","Ronnie G. Collins","1","cs965"
"CARROLL COUNTY","FANCY GAP DISTRICT","Member School Board (Fancy Gap District)","","Joey Dean Haynes","1","cs886"
"CARROLL COUNTY","LAUREL FORK DISTRICT","Member Board of Supervisors (Laurel Fork District)","","Joseph H. ""Jody"" Early III","1","cs995"
"CARROLL COUNTY","LAUREL FORK DISTRICT","Member School Board (Laurel Fork District)","","Jennifer L. Sowers","1","cs693"
"CARROLL COUNTY","PIPERS GAP DISTRICT","Member Board of Supervisors (Pipers Gap District)","","Samuel J. ""Joey"" Dickson","1","cs301"
"CARROLL COUNTY","PIPERS GAP DISTRICT","Member School Board (Pipers Gap District)","","Lindsey Guynn Utt","1","cs716"
"CHARLOTTE COUNTY","ASPEN-PHENIX DISTRICT","Member Board of Supervisors (Aspen-Phenix District)","","Walter T. Bailey","1","cs664"
"CHARLOTTE COUNTY","ASPEN-PHENIX DISTRICT","Member School Board (Aspen-Phenix District)","","Elise A. Green","1","cs795"
"CHARLOTTE COUNTY","CHARLOTTE COUNTY","Commonwealth's Attorney (Charlotte County)","","Dan J. Farnsworth ","1","cs920"
"CHARLOTTE COUNTY","COUNTY SEAT DISTRICT","Member Board of Supervisors (County Seat District)","","Sherry H. Tharpe","1","cs37"
"CHARLOTTE COUNTY","DRAKES BRANCH","Mayor (Town of Drakes Branch)","","Deborah T. Kennedy","1","cs670"
"CHARLOTTE COUNTY","DRAKES BRANCH","Member Town Council - Special (Town of Drakes Branch)","","Elizabeth I. Davis","2","cs171"
"CHARLOTTE COUNTY","DRAKES BRANCH","Member Town Council - Special (Town of Drakes Branch)","","James D. Gregory","2","cs172"
"CHARLOTTE COUNTY","KEYSVILLE","Member Town Council - Special (Town of Keysville)","","Rachael B. Clark","1","cs843"
"CHARLOTTE COUNTY","KEYSVILLE DISTRICT","Member Board of Supervisors (Keysville District)","","Adrienne D. Campbell","1","cs1072"
"CHARLOTTE COUNTY","KEYSVILLE DISTRICT","Member School Board (Keysville District)","","R.B.  ""Jay"" George III","1","cs252"
"CHARLOTTE COUNTY","WYLLIESBURG-RED OAK DISTRICT","Member Board of Supervisors (Wylliesburg-Red Oak District)","","J. Miller Adams","1","cs141"
"CHARLOTTE COUNTY","WYLLIESBURG-RED OAK DISTRICT","Member School Board (Wylliesburg-Red Oak District)","","Teresa T. Dunaway","1","cs216"
"CHARLOTTESVILLE CITY","CHARLOTTESVILLE CITY","Commissioner of Revenue (Charlottesville City)","","Todd D. Divers","1","cs438"
"CHARLOTTESVILLE CITY","CHARLOTTESVILLE CITY","Commonwealth's Attorney (Charlottesville City)","","Joseph D. Platania","1","cs158"
"CHARLOTTESVILLE CITY","CHARLOTTESVILLE CITY","Member City Council - At Large (Charlottesville City)","","Jen M. Fleisher","2","cs718"
"CHARLOTTESVILLE CITY","CHARLOTTESVILLE CITY","Member City Council - At Large (Charlottesville City)","","Juandiego R. Wade","2","cs719"
"CHARLOTTESVILLE CITY","CHARLOTTESVILLE CITY","Member School Board - At Large (Charlottesville City)","","Emily L. Dooley","3","cs520"
"CHARLOTTESVILLE CITY","CHARLOTTESVILLE CITY","Member School Board - At Large (Charlottesville City)","","Lisa D. Larson-Torres","3","cs522"
"CHARLOTTESVILLE CITY","CHARLOTTESVILLE CITY","Member School Board - At Large (Charlottesville City)","","Zyahna T. ""Zy"" Bryant","3","cs521"
"CHARLOTTESVILLE CITY","CHARLOTTESVILLE CITY","Sheriff (Charlottesville City)","","James E. Brown III","1","cs304"
"CHARLOTTESVILLE CITY","CHARLOTTESVILLE CITY","Treasurer (Charlottesville City)","","Jason A. Vandever","1","cs862"
"CHESAPEAKE CITY","CHESAPEAKE CITY","Commissioner of Revenue (Chesapeake City)","","Victoria L. Proffitt","1","cs676"
"CHESAPEAKE CITY","CHESAPEAKE CITY","Commonwealth's Attorney (Chesapeake City)","","Matthew R. ""Matt"" Hamel","1","cs265"
"CHESAPEAKE CITY","CHESAPEAKE CITY","Member School Board - Special (Chesapeake City)","","Amanda F. Quillin","1","cs778"
"CHESAPEAKE CITY","CHESAPEAKE CITY","Sheriff (Chesapeake City)","","Wallace W. Chadwick III","1","cs1002"
"CHESAPEAKE CITY","CHESAPEAKE CITY","Treasurer (Chesapeake City)","","Corrie A. Kring","1","cs797"
"CLARKE COUNTY","BOYCE","Member Town Council (Town of Boyce)","Write-In","Cathy Albright","2","CathyAlbright-2-"
"CLARKE COUNTY","BOYCE","Member Town Council (Town of Boyce)","","Steve F. Hott","2","cs437"
"CLARKE COUNTY","BOYCE","Recorder  (Town of Boyce)","Write-In","Whitney Maddox","1","WhitneyMaddox-1-"
"CLARKE COUNTY","BUCKMARSH DISTRICT","Member School Board (Buckmarsh District)","","Michael I. Sipe","1","cs402"
"COLONIAL HEIGHTS CITY","COLONIAL HEIGHTS CITY","Commissioner of Revenue (Colonial Heights City)","","R. Daniel ""Danny"" Bowles","1","cs928"
"COLONIAL HEIGHTS CITY","COLONIAL HEIGHTS CITY","Commonwealth's Attorney (Colonial Heights City)","","A. Gray Collins, III","1","cs244"
"COLONIAL HEIGHTS CITY","COLONIAL HEIGHTS CITY","Sheriff (Colonial Heights City)","","Todd B. Wilson","1","cs399"
"COLONIAL HEIGHTS CITY","COLONIAL HEIGHTS CITY","Treasurer (Colonial Heights City)","","Teresa H. Cherry","1","cs277"
"COVINGTON CITY","COVINGTON CITY","Commissioner of Revenue (Covington City)","","Cathy M. Kimberlin","1","cs250"
"COVINGTON CITY","COVINGTON CITY","Member School Board","","K. Nicole Clemons","1","cs950"
"COVINGTON CITY","COVINGTON CITY","Treasurer (Covington City)","","Gisela Z. Roldan","1","cs1064"
"COVINGTON CITY","DISTRICT 1","Member City Council (District 1)","Write-In","David Brian Goff","1","wi-cc70"
"CRAIG COUNTY","CRAIG CREEK DISTRICT","Member School Board (Craig Creek District)","","Heather D. Matheney","1","cs824"
"CRAIG COUNTY","NEW CASTLE DISTRICT","Member Board of Supervisors (New Castle District)","","Jesse P. Spence","1","cs1040"
"CRAIG COUNTY","NEW CASTLE DISTRICT","Member School Board (New Castle District)","","Shannon R. Whitlock","1","cs919"
"CRAIG COUNTY","SIMMONSVILLE DISTRICT","Member Board of Supervisors (Simmonsville District)","","Brian D. Lipes","1","cs25"
"CRAIG COUNTY","SIMMONSVILLE DISTRICT","Member School Board (Simmonsville District)","","Darren R. Gilreath","1","cs276"
"CULPEPER COUNTY","CEDAR MOUNTAIN DISTRICT","Member Board of Supervisors (Cedar Mountain District)","","Mandy Jenkins Brown","1","cs993"
"CULPEPER COUNTY","CEDAR MOUNTAIN DISTRICT","Member School Board (Cedar Mountain District)","","Betsy Howard Smith","1","cs644"
"CULPEPER COUNTY","CULPEPER","Mayor (Culpeper)","","Frank Reaves, Jr.","1","cs949"
"CULPEPER COUNTY","CULPEPER","Member Town Council","","Joseph M. ""Joe"" Short","4","cs752"
"CULPEPER COUNTY","CULPEPER","Member Town Council","","Max B. Sternberg","4","cs746"
"CULPEPER COUNTY","CULPEPER","Member Town Council","","N. Janie Schmidt","4","cs747"
"CULPEPER COUNTY","CULPEPER","Member Town Council","","William M. ""Bill"" Yowell","4","cs748"
"CULPEPER COUNTY","JEFFERSON DISTRICT","Member Board of Supervisors (Jefferson District)","","Keith A. Farrish","1","cs930"
"CULPEPER COUNTY","JEFFERSON DISTRICT","Member School Board (Jefferson District)","","Toni G. Sheads","1","cs16"
"CULPEPER COUNTY","STEVENSBURG DISTRICT","Member Board of Supervisors (Stevensburg District)","","F. Dewayne Payne, Jr.","1","cs938"
"CULPEPER COUNTY","STEVENSBURG DISTRICT","Member School Board (Stevensburg District)","","Elizabeth S. Hutchins","1","cs681"
"DANVILLE CITY","DANVILLE CITY","Commissioner of Revenue (Danville City)","","Jack V. Thomson III","1","cs845"
"DANVILLE CITY","DANVILLE CITY","Commonwealth's Attorney (Danville City)","","Michael J. Newman","1","cs509"
"DANVILLE CITY","DANVILLE CITY","Member School Board - Special","","Trina A. McLaughlin","1","cs5"
"DANVILLE CITY","DANVILLE CITY","Sheriff (Danville City)","","Michael S. ""Mike"" Mondul","1","cs873"
"DANVILLE CITY","DANVILLE CITY","Treasurer (Danville City)","","Sheila A. Williamson-Branch","1","cs803"
"DICKENSON COUNTY","CLINCHCO","Member Town Council - Special-Clinchco","","Stacy Heather Fleming","1","cs415"
"EMPORIA CITY","EMPORIA CITY","Commissioner of Revenue (Emporia City)","","Joyce E. Prince","1","cs490"
"EMPORIA CITY","EMPORIA CITY","Sheriff. (Emporia City)","","Dameon D. White","1","cs730"
"EMPORIA CITY","EMPORIA CITY","Treasurer (Emporia City)","","Karen A. Taylor","1","cs736"
"ESSEX COUNTY","CENTRAL DISTRICT","Member School Board (Central District)","","Charmaine D. Young-Waddy","1","cs70"
"ESSEX COUNTY","ESSEX COUNTY","Member Board of Supervisors At Large (Essex County)","","J. Calvin Haile, Jr.","1","cs209"
"ESSEX COUNTY","ESSEX COUNTY","Member School Board At Large (Essex County)","","Roger D. ""Butch"" Gross","1","cs466"
"ESSEX COUNTY","GREATER TAPPAHANNOCK DISTRICT","Member Board of Supervisors (Greater Tappahannock District)","","Robert L. ""Rob"" Akers, Jr.","1","cs235"
"ESSEX COUNTY","GREATER TAPPAHANNOCK DISTRICT","Member School Board (Greater Tappahannock District)","","Jaime M. Gomes","1","cs992"
"ESSEX COUNTY","NORTH DISTRICT","Member Board of Supervisors (North District)","","Joseph Allen Henry","1","cs683"
"ESSEX COUNTY","NORTH DISTRICT","Member School Board (North District)","","Garlyn R. Bundy","1","cs663"
"FAIRFAX CITY","FAIRFAX CITY","Commissioner of Revenue (Fairfax City)","","William Page Johnson, II","1","cs208"
"FAIRFAX CITY","FAIRFAX CITY","Treasurer (Fairfax City)","","W. Thomas ""Tom"" Scibilia","1","cs124"
"FAIRFAX COUNTY","CLIFTON","Mayor (Town of Clifton)","","Lynn M. Screen","1","cs901"
"FAIRFAX COUNTY","CLIFTON","Member Town Council (Town of Clifton)","Write-In","Amanda Hencken","5","AmandaHencken-4-"
"FAIRFAX COUNTY","CLIFTON","Member Town Council (Town of Clifton)","","Darrell D. Poe","5","cs353"
"FAIRFAX COUNTY","CLIFTON","Member Town Council (Town of Clifton)","","John L. Davis, III","5","cs351"
"FAIRFAX COUNTY","CLIFTON","Member Town Council (Town of Clifton)","Write-In","John Paul ""JP"" Hess","5","JohnPaul""JP""Hess-5-"
"FAIRFAX COUNTY","CLIFTON","Member Town Council (Town of Clifton)","","Stephen R. ""Steve"" Effros","5","cs352"
"FAIRFAX COUNTY","VIENNA","Mayor (Town of Vienna)","","Linda Jane Colbert","1","cs1037"
"FAIRFAX COUNTY","VIENNA","Member Town Council (Town of Vienna)","","Charles L. ""Chuck"" Anderson","6","cs371"
"FAIRFAX COUNTY","VIENNA","Member Town Council (Town of Vienna)","","Daniel R. ""Dann"" Nash","6","cs369"
"FAIRFAX COUNTY","VIENNA","Member Town Council (Town of Vienna)","","Douglas K. ""Doug"" Francis","6","cs372"
"FAIRFAX COUNTY","VIENNA","Member Town Council (Town of Vienna)","","Howard J. Springsteen","6","cs370"
"FAIRFAX COUNTY","VIENNA","Member Town Council (Town of Vienna)","","Jessica H. Ramakis","6","cs375"
"FAIRFAX COUNTY","VIENNA","Member Town Council (Town of Vienna)","","Roy J. Baldwin","6","cs373"
"FALLS CHURCH CITY","FALLS CHURCH CITY","Commissioner of Revenue (Falls Church City)","","Thomas D. Clinton","1","cs810"
"FALLS CHURCH CITY","FALLS CHURCH CITY","Member City Council (Falls Church City)","","Arthur H. Agin","4","cs113"
"FALLS CHURCH CITY","FALLS CHURCH CITY","Member City Council (Falls Church City)","","David F. Snyder","4","cs111"
"FALLS CHURCH CITY","FALLS CHURCH CITY","Member City Council (Falls Church City)","","Laura T. Downs","4","cs110"
"FALLS CHURCH CITY","FALLS CHURCH CITY","Member City Council (Falls Church City)","","Marybeth D. Connelly","4","cs112"
"FALLS CHURCH CITY","FALLS CHURCH CITY","Member School Board (Falls Church City)","","Anne H. Sherwood","4","cs427"
"FALLS CHURCH CITY","FALLS CHURCH CITY","Member School Board (Falls Church City)","","Kathleen E. C. Tysse","4","cs429"
"FALLS CHURCH CITY","FALLS CHURCH CITY","Member School Board (Falls Church City)","","Lori K. Silverman","4","cs425"
"FALLS CHURCH CITY","FALLS CHURCH CITY","Member School Board (Falls Church City)","","MaryKate H. ""MK"" Hughes","4","cs428"
"FALLS CHURCH CITY","FALLS CHURCH CITY","Sheriff (Falls Church City)","","Metin A. ""Matt"" Cay","1","cs7"
"FALLS CHURCH CITY","FALLS CHURCH CITY","Treasurer (Falls Church City)","","Jody P. Acosta","1","cs580"
"FAUQUIER COUNTY","REMINGTON","Member, Town Council, Remington Special Election","","Lisa M. Schulz","1","cs306"
"FLOYD COUNTY","DISTRICT C","Member Board of Supervisors (District C)","","Jerry W. Boothe","1","cs844"
"FLOYD COUNTY","DISTRICT C","Member School Board (District C)","","Deborah M. Snellings","1","cs1032"
"FLOYD COUNTY","DISTRICT E","Member Board of Supervisors (District E)","","Walter E. Phillips","1","cs883"
"FLOYD COUNTY","DISTRICT E","Member School Board (District E)","","C. Gene Bishop","1","cs973"
"FLOYD COUNTY","FLOYD","Mayor (Floyd)","","William R. Griffin","1","cs1029"
"FLOYD COUNTY","FLOYD","Member Town Council (Floyd)","","Bruce A. Turner","2","cs1008"
"FLOYD COUNTY","FLOYD","Member Town Council (Floyd)","","Chris J. Bond","2","cs1009"
"FLUVANNA COUNTY","COLUMBIA DISTRICT","Member Board of Supervisors (Columbia District)","","John M. ""Mike"" Sheridan","1","cs741"
"FLUVANNA COUNTY","COLUMBIA DISTRICT","Member School Board (Columbia District)","","Sean P. Brennan","1","cs386"
"FLUVANNA COUNTY","CUNNINGHAM DISTRICT","Member Board of Supervisors (Cunningham District)","","Christopher S. ""Chris"" Fairchild ","1","cs95"
"FLUVANNA COUNTY","CUNNINGHAM DISTRICT","Member School Board (Cunningham District)","","Charles D. Rittenhouse","1","cs754"
"FLUVANNA COUNTY","FLUVANNA COUNTY","Commissioner of Revenue (Fluvanna County)","","Lauren Ryalls Sheridan","1","cs728"
"FLUVANNA COUNTY","FORK UNION DISTRICT","Member School Board (Fork Union District)","","R. Anthony Edmonds","1","cs483"
"FLUVANNA COUNTY","RIVANNA DISTRICT","Member Board of Supervisors (Rivanna District)","","Tony P. O'Brien","1","cs65"
"FLUVANNA COUNTY","RIVANNA DISTRICT","Member School Board (Rivanna District)","","Andre O'Brian Key","1","cs87"
"FRANKLIN CITY","FRANKLIN CITY","Commissioner of Revenue (Franklin City)","","Selenia R. Boone","1","cs318"
"FRANKLIN CITY","FRANKLIN CITY","Treasurer (Franklin City)","","Dinah M. Babb","1","cs799"
"FRANKLIN COUNTY","BOONE DISTRICT","Member Board of Supervisors (Boone District)","","J. Mike Meredith","1","cs69"
"FRANKLIN COUNTY","BOONE DISTRICT","Member School Board (Boone District)","Write-In","Gerald W. ""Jerry"" Conner","1","GeraldW.""Jerry""Conner-1-"
"FRANKLIN COUNTY","FRANKLIN COUNTY","Member School Board At Large (Franklin County)","","Todd Austin Martin","1","cs126"
"FRANKLIN COUNTY","ROCKY MOUNT DISTRICT","Member Board of Supervisors (Rocky Mount District)","","Mike S. Carter","1","cs467"
"FRANKLIN COUNTY","ROCKY MOUNT DISTRICT","Member School Board (Rocky Mount District)","","Jeffrey T. Worley","1","cs66"
"FRANKLIN COUNTY","SNOW CREEK DISTRICT","Member Board of Supervisors (Snow Creek District)","","Nicholas D. Mitchell","1","cs827"
"FRANKLIN COUNTY","SNOW CREEK DISTRICT","Member School Board (Snow Creek District)","","Ron B. Shiflett","1","cs463"
"FREDERICK COUNTY","GAINESBORO DISTRICT","Member School Board (Gainesboro District)","","Marina L. Caruso","1","cs106"
"FREDERICK COUNTY","RED BUD DISTRICT","Member Board of Supervisors (Red Bud District)","","Michael D. Guevremont","1","cs565"
"FREDERICK COUNTY","RED BUD DISTRICT","Member School Board (Red Bud District)","","Michael S. ""Mike"" Procuk Jr.","1","cs757"
"FREDERICK COUNTY","SHAWNEE DISTRICT","Member Board of Supervisors (Shawnee District)","","Robert T. Liero","1","cs656"
"FREDERICK COUNTY","SHAWNEE DISTRICT","Member School Board (Shawnee District)","","Robert Patrick North","1","cs917"
"FREDERICK COUNTY","STONEWALL DISTRICT","Member Board of Supervisors (Stonewall District)","","Gary R. Oates","1","cs239"
"FREDERICK COUNTY","STONEWALL DISTRICT","Member School Board (Stonewall District)","","Joe E. Moran III","1","cs495"
"FREDERICKSBURG CITY","DISTRICT FOUR","Member City Council (District Four)","","Charlie L. ""Chuck"" Frye Jr","1","cs82"
"FREDERICKSBURG CITY","DISTRICT FOUR","Member School Board (District Four)","","Malvina Rollins Kay","1","cs657"
"FREDERICKSBURG CITY","DISTRICT ONE","Member City Council (District One)","","M. D. ""Matt"" Rowe","1","cs641"
"FREDERICKSBURG CITY","DISTRICT ONE","Member School Board (District One)","","Andrew M. ""Andy"" Wolfenbarge","1","cs198"
"FREDERICKSBURG CITY","DISTRICT THREE","Member City Council (District Three)","","Susanna R. Finn","1","cs54"
"FREDERICKSBURG CITY","DISTRICT THREE","Member School Board (District Three)","","Annie E. Langdon","1","cs229"
"FREDERICKSBURG CITY","DISTRICT TWO","Member City Council (District Two)","","Y. Joy Crump","1","cs739"
"FREDERICKSBURG CITY","DISTRICT TWO","Member School Board (District Two)","","Katie V. Pomeroy","1","cs335"
"FREDERICKSBURG CITY","FREDERICKSBURG CITY","Commissioner of Revenue (Fredericksburg City)","","Tamara L. Stuart","1","cs67"
"FREDERICKSBURG CITY","FREDERICKSBURG CITY","Commonwealth's Attorney (Fredericksburg City)","","Elizabeth K. ""Libby"" Humphries","1","cs539"
"FREDERICKSBURG CITY","FREDERICKSBURG CITY","Sheriff (Fredericksburg City)","","Rashawn D. Cowles","1","cs1000"
"FREDERICKSBURG CITY","FREDERICKSBURG CITY","Treasurer (Fredericksburg City)","","Marion S. Bowman","1","cs121"
"GALAX CITY","GALAX CITY","Commissioner of Revenue (Galax City)","","Rene' H. Funk","1","cs488"
"GALAX CITY","GALAX CITY","Member City Council (Galax City)","","Evan Bryan Henck","4","cs533"
"GALAX CITY","GALAX CITY","Member City Council (Galax City)","","Michael Shane Coomes","4","cs538"
"GALAX CITY","GALAX CITY","Member City Council (Galax City)","","Sharon D. Ritchie","4","cs536"
"GALAX CITY","GALAX CITY","Member City Council (Galax City)","","Willie T. Greene, Sr.","4","cs535"
"GILES COUNTY","GILES COUNTY","Member Board of Supervisors - At Large (Giles County)","","Paul W. ""Chappy"" Baker  ","2","cs1066"
"GILES COUNTY","GILES COUNTY","Member Board of Supervisors - At Large (Giles County)","","Richard K. ""Ricky"" McCoy","2","cs1067"
"GILES COUNTY","GILES COUNTY","Member School Board - At Large (Giles County)","","Melissa R. Guynn","2","cs726"
"GILES COUNTY","GILES COUNTY","Member School Board - At Large (Giles County)","","William D. ""Davy"" Price","2","cs727"
"GILES COUNTY","NARROWS","Member Town Council - Special (Town of Narrows)","","Alicia D. Lane","1","cs724"
"GILES COUNTY","PEARISBURG","Mayor (Town of Pearisburg)","","Robert L. Dickerson","1","cs119"
"GILES COUNTY","PEARISBURG","Member Town Council (Town of Pearisburg)","","Amanda M. Davis","3","cs1028"
"GILES COUNTY","PEARISBURG","Member Town Council (Town of Pearisburg)","","Cathy M. Clark","3","cs1027"
"GILES COUNTY","PEARISBURG","Member Town Council (Town of Pearisburg)","","Kristi D. Eaton","3","cs1026"
"GILES COUNTY","PEMBROKE","Mayor (Town of Pembroke)","","Dana D. ""Ace"" Munsey","1","cs259"
"GILES COUNTY","PEMBROKE","Member Town Council (Town of Pembroke)","","C. B. Andrews, Jr.","5","cs869"
"GILES COUNTY","PEMBROKE","Member Town Council (Town of Pembroke)","","Christopher T. Collins","5","cs867"
"GILES COUNTY","PEMBROKE","Member Town Council (Town of Pembroke)","","Douglas Wayne Sadler","5","cs871"
"GILES COUNTY","PEMBROKE","Member Town Council (Town of Pembroke)","","Jonathan M. Hale","5","cs866"
"GILES COUNTY","PEMBROKE","Member Town Council (Town of Pembroke)","","Peggy R. Hale","5","cs865"
"GILES COUNTY","RICH CREEK","Mayor (Town of Rich Creek)","Write-In","Paul A. Morrison","1","PaulA.Morrison-1-"
"GILES COUNTY","RICH CREEK","Member Town Council (Town of Rich Creek)","","Christopher B. Wickline","2","cs568"
"GILES COUNTY","RICH CREEK","Member Town Council (Town of Rich Creek)","","Mikhail R. Mann","2","cs569"
"GLOUCESTER COUNTY","GLOUCESTER COUNTY","Member Board of Supervisors - At Large (Gloucester County)","","Nicholas A. ""Nick"" Bonniville","1","cs554"
"GLOUCESTER COUNTY","GLOUCESTER COUNTY","Member School Board - At Large (Gloucester County)","","S. Nicole McPherson","1","cs1012"
"GLOUCESTER COUNTY","PETSWORTH DISTRICT","Member Board of Supervisors (Petsworth District)","","Joseph Atkins ""Joe"" Leming","1","cs219"
"GLOUCESTER COUNTY","PETSWORTH DISTRICT","Member School Board (Petsworth District)","","Anita F. Parker","1","cs977"
"GLOUCESTER COUNTY","YORK DISTRICT","Member Board of Supervisors (York District)","","Shannon Lee Hanson","1","cs929"
"GLOUCESTER COUNTY","YORK DISTRICT","Member School Board (York District)","","Carlton L. Drew","1","cs733"
"GRAYSON COUNTY","ELK CREEK DISTRICT","Member Board of Supervisors (Elk Creek District)","","Mike B. ""Booger"" Watson","1","cs551"
"GRAYSON COUNTY","ELK CREEK DISTRICT","Member School Board (Elk Creek District)","","G. Kevin Weatherman","1","cs207"
"GRAYSON COUNTY","WILSON DISTRICT","Member Board of Supervisors (Wilson District)","","C. S. ""Sandy"" Cunningham III ","1","cs836"
"GRAYSON COUNTY","WILSON DISTRICT","Member School Board (Wilson District)","","Troy R. Sage III","1","cs1061"
"GREENE COUNTY","MIDWAY DISTRICT","Member Board of Supervisors (Midway District)","","Matthew G. Hartung","1","cs240"
"GREENE COUNTY","MIDWAY DISTRICT","Member School Board (Midway District)","Write-In","David J. Mastervich","1","DavidMastervich-2-"
"GREENE COUNTY","STANARDSVILLE DISTRICT","Member Board of Supervisors (Stanardsville District)","","Stephen ""Steve"" Catalano","1","cs257"
"GREENE COUNTY","STANARDSVILLE DISTRICT","Member School Board (Stanardsville District)","Write-In","Rebecca L. Roach","1","RebeccaRoach-2-"
"HALIFAX COUNTY","DISTRICT 2","Member Board of Supervisors (District 2)","","Larry D. Roller","1","cs968"
"HALIFAX COUNTY","DISTRICT 2","Member School Board (District 2)","","Roy Keith Lloyd","1","cs332"
"HALIFAX COUNTY","DISTRICT 3","Member Board of Supervisors (District 3)","","D. Jeffrey Oakes","1","cs631"
"HALIFAX COUNTY","DISTRICT 3","Member School Board (District 3)","","Melissa E. Hicks","1","cs125"
"HALIFAX COUNTY","DISTRICT 6","Member Board of Supervisors (District 6)","","Monte B. Thompson","1","cs737"
"HALIFAX COUNTY","DISTRICT 6","Member School Board (District 6)","","Mark A. Gosney","1","cs986"
"HAMPTON CITY","HAMPTON CITY","Commissioner of Revenue (Hampton City)","","Michael A. Harris","1","cs574"
"HAMPTON CITY","HAMPTON CITY","Commonwealth's Attorney (Hampton City)","","Anton A. Bell","1","cs557"
"HAMPTON CITY","HAMPTON CITY","Sheriff (Hampton City)","","Karen E. Bowden","1","cs858"
"HAMPTON CITY","HAMPTON CITY","Treasurer (Hampton City)","","Christine Snead","1","cs511"
"HANOVER COUNTY","ASHLAND","Member Town Council (Town of Ashland)","","Dan W. McGraw","2","cs131"
"HANOVER COUNTY","ASHLAND","Member Town Council (Town of Ashland)","","Drew Molloy, Jr. ","2","cs133"
"HARRISONBURG CITY","HARRISONBURG CITY","Commissioner of Revenue (Harrisonburg City)","","Karen I. Rose","1","cs688"
"HARRISONBURG CITY","HARRISONBURG CITY","Treasurer (Harrisonburg City)","","Jeffrey L. Shafer","1","cs90"
"HENRY COUNTY","BLACKBERRY DISTRICT","Member Board of Supervisors (Blackberry District)","","Jimmie L. ""Jim"" Adams","1","cs963"
"HENRY COUNTY","BLACKBERRY DISTRICT","Member School Board (Blackberry District)","","Sherry Moran Vestal","1","cs44"
"HENRY COUNTY","COLLINSVILLE DISTRICT","Member Board of Supervisors (Collinsville District)","","Christopher L. Lawless","1","cs280"
"HENRY COUNTY","COLLINSVILLE DISTRICT","Member School Board (Collinsville District)","","Cherie Joyce Whitlow","1","cs212"
"HENRY COUNTY","HORSEPASTURE DISTRICT","Member School Board (Horsepasture District)","","Valeria C. Edwards","1","cs945"
"HENRY COUNTY","IRISWOOD DISTRICT","Member Board of Supervisors (Iriswood District)","","Garrett L. Dillard","1","cs489"
"HENRY COUNTY","IRISWOOD DISTRICT","Member School Board (Iriswood District)","","Benjamin ""Ben"" Gravely","1","cs273"
"HOPEWELL CITY","HOPEWELL CITY","Commissioner of Revenue (Hopewell City)","","Debra Kloske Reason","1","cs249"
"HOPEWELL CITY","HOPEWELL CITY","Commonwealth's Attorney (Hopewell City)","","Richard K. ""Rick"" Newman","1","cs99"
"HOPEWELL CITY","HOPEWELL CITY","Sheriff (Hopewell City)","","Travis L. Stanley","1","cs143"
"HOPEWELL CITY","HOPEWELL CITY","Treasurer (Hopewell City)","","Jason A. Yancey","1","cs499"
"ISLE OF WIGHT COUNTY","DISTRICT 2","Member Board of Supervisors (District 2)","","David O. Garner","1","cs1053"
"ISLE OF WIGHT COUNTY","DISTRICT 3","Member Board of Supervisors (District 3)","","Rudolph Jefferson","1","cs234"
"ISLE OF WIGHT COUNTY","DISTRICT 3","Member School Board (District 3)","Write-In","Jarad A. Ford","1","JaradA.Ford-1-"
"ISLE OF WIGHT COUNTY","DISTRICT 5","Member Board of Supervisors (District 5)","","Robert L. Eley III","1","cs432"
"ISLE OF WIGHT COUNTY","DISTRICT 5","Member School Board (District 5)","","John W. Collick Jr.","1","cs881"
"ISLE OF WIGHT COUNTY","WINDSOR","Member Town Council - Special (Town of Windsor)","","Jacob Nelson Klepac","1","cs14"
"JAMES CITY COUNTY","JAMESTOWN DISTRICT","Member Board of Supervisors (Jamestown District)","","James O. Icenhour, Jr.","1","cs528"
"JAMES CITY COUNTY","JAMESTOWN DISTRICT","Member School Board (Jamestown District)","","S. T. ""Ty"" Hodges","1","cs129"
"JAMES CITY COUNTY","POWHATAN DISTRICT","Member Board of Supervisors (Powhatan District)","","Tracy L. Wainwright","1","cs582"
"JAMES CITY COUNTY","POWHATAN DISTRICT","Member School Board (Powhatan District)","","Kimberley M. Hundley","1","cs42"
"KING GEORGE COUNTY","JAMES MONROE DISTRICT","Member Board of Supervisors (James Monroe District)","","Bryan L. Metts","1","cs1014"
"KING GEORGE COUNTY","JAMES MONROE DISTRICT","Member School Board (James Monroe District)","","Carrie M. Cleveland","1","cs600"
"KING GEORGE COUNTY","SHILOH DISTRICT","Member Board of Supervisors (Shiloh District)","","Cathy E. Binder","1","cs117"
"KING GEORGE COUNTY","SHILOH DISTRICT","Member School Board (Shiloh District)","","Rachel K. Scott","1","cs319"
"KING WILLIAM COUNTY","FIFTH DISTRICT","Member Board of Supervisors (Fifth District)","","Temple Keith Fogg","1","cs139"
"KING WILLIAM COUNTY","FIFTH DISTRICT","Member School Board (Fifth District)","","Patricia H. Atkins","1","cs715"
"KING WILLIAM COUNTY","FIRST DISTRICT","Member Board of Supervisors (First District)","","Brenton J. Bohannon","1","cs764"
"KING WILLIAM COUNTY","KING WILLIAM COUNTY","Member School Board At Large (King William County)","","Veda Gresham Frazier","1","cs76"
"LANCASTER COUNTY","DISTRICT 1","Member Board of Supervisors (District 1)","","Craig H. Giese","1","cs560"
"LANCASTER COUNTY","DISTRICT 1","Member School Board (District 1)","","C. Faith Kemp","1","cs330"
"LANCASTER COUNTY","DISTRICT 5","Member Board of Supervisors (District 5)","","William C. ""Bill"" Smith","1","cs210"
"LANCASTER COUNTY","DISTRICT 5","Member School Board (District 5)","","Margaret E. Socey","1","cs165"
"LANCASTER COUNTY","IRVINGTON","Member Town Council - Special","","Samantha C. Van Saun","1","cs401"
"LANCASTER COUNTY","LANCASTER COUNTY","Commissioner of Revenue (Lancaster County)","","Elizabeth W. ""Beth"" Cornwell","1","cs73"
"LEXINGTON CITY","LEXINGTON CITY","Commissioner of Revenue (Lexington City)","","Kelly L. Glass","1","cs473"
"LEXINGTON CITY","LEXINGTON CITY","Treasurer (Lexington City)","","Patricia S. Delaney","1","cs969"
"LOUDOUN COUNTY","ALGONKIAN DISTRICT","Member School Board (Algonkian District)","","April Moore Chandler","1","cs2"
"LOUDOUN COUNTY","BROAD RUN DISTRICT","Member School Board (Broad Run District)","","Ross C. Svenson","1","cs12"
"LOUDOUN COUNTY","DULLES DISTRICT","Member School Board (Dulles District)","","Jonathon A. Pepper","1","cs493"
"LOUDOUN COUNTY","LEESBURG DISTRICT","Member School Board (Leesburg District)","","Lauren E. Shernoff","1","cs839"
"LOUDOUN COUNTY","MIDDLEBURG","Mayor (Town of Middleburg)","","Trowbridge M. ""Bridge"" Littleton","1","cs241"
"LOUDOUN COUNTY","MIDDLEBURG","Member Town Council (Town of Middleburg)","","C. Darlene Kirk","4","cs621"
"LOUDOUN COUNTY","MIDDLEBURG","Member Town Council (Town of Middleburg)","","Chris K. Hersh","4","cs623"
"LOUDOUN COUNTY","MIDDLEBURG","Member Town Council (Town of Middleburg)","","Cindy Craun Pearson","4","cs620"
"LOUDOUN COUNTY","MIDDLEBURG","Member Town Council (Town of Middleburg)","","Deborah Scott Gallagher","4","cs622"
"LOUDOUN COUNTY","ROUND HILL","Mayor (Town of Round Hill)","","Scott T. Ramsey","1","cs122"
"LOUDOUN COUNTY","ROUND HILL","Member Town Council (Town of Round Hill)","","Beth A. Caseman","3","cs441"
"LOUDOUN COUNTY","ROUND HILL","Member Town Council (Town of Round Hill)","","Paula G. James","3","cs439"
"LOUDOUN COUNTY","ROUND HILL","Member Town Council (Town of Round Hill)","","T. Sean Lloyd","3","cs440"
"LOUDOUN COUNTY","STERLING DISTRICT","Member School Board (Sterling District)","","Amy M. Riccardi","1","cs38"
"LOUISA COUNTY","GREEN SPRINGS DISTRICT","Member Board of Supervisors (Green Springs District)","","Rachel G. Jones","1","cs840"
"LOUISA COUNTY","GREEN SPRINGS DISTRICT","Member School Board (Green Springs District)","","Deborah A. ""Debbie""  Hoffman","1","cs217"
"LOUISA COUNTY","LOUISA","Mayor (Town of Louisa)","","Ashley B. Michael","1","cs392"
"LOUISA COUNTY","MINERAL","Mayor (Town of Mineral)","","Pamela R. Harlowe","1","cs806"
"LOUISA COUNTY","MINERAL","Member Town Council - Special (Town of Mineral)","","Afton K. Von Tye","2","cs573"
"LOUISA COUNTY","MINERAL","Member Town Council - Special (Town of Mineral)","","Robert B. ""Bob"" Spedden, Sr.","2","cs572"
"LOUISA COUNTY","MINERAL DISTRICT","Member Board of Supervisors (Mineral District)","","Duane A. Adams","1","cs236"
"LOUISA COUNTY","MINERAL DISTRICT","Member School Board (Mineral District)","","Lloyd R. Runnett","1","cs400"
"LOUISA COUNTY","MOUNTAIN ROAD DISTRICT","Member Board of Supervisors (Mountain Road District)","","Tommy J. Barlow","1","cs946"
"LOUISA COUNTY","MOUNTAIN ROAD DISTRICT","Member School Board (Mountain Road District)","","O. Gail Proffitt","1","cs605"
"LOUISA COUNTY","PATRICK HENRY DISTRICT","Member Board of Supervisors (Patrick Henry District)","","Fitzgerald A. Barnes","1","cs1031"
"LOUISA COUNTY","PATRICK HENRY DISTRICT","Member School Board (Patrick Henry District)","","Gregory V. Strickland","1","cs412"
"LUNENBURG COUNTY","DISTRICT 1","Member Board of Supervisors (District 1)","","T. Wayne Hoover","1","cs796"
"LUNENBURG COUNTY","DISTRICT 1","Member School Board (District 1)","","Aubrey A. ""Tony"" Craven","1","cs615"
"LUNENBURG COUNTY","DISTRICT 3","Member Board of Supervisors (District 3)","","Frank W. Bacon","1","cs173"
"LUNENBURG COUNTY","DISTRICT 3","Member School Board (District 3)","Write-In","Karen K. Champion","1","KarenK.Champion-2-"
"LUNENBURG COUNTY","DISTRICT 7","Member Board of Supervisors (District 7)","","Robert G. ""Bob"" Zava","1","cs291"
"LUNENBURG COUNTY","DISTRICT 7","Member School Board (District 7)","","Cheryl Compton Berumen-Rivas","1","cs816"
"LYNCHBURG CITY","LYNCHBURG CITY","Commissioner of Revenue (Lynchburg City)","","Mitchell W. Nuckles","1","cs55"
"LYNCHBURG CITY","LYNCHBURG CITY","Commonwealth's Attorney (Lynchburg City)","","Bethany A. Harrison","1","cs338"
"LYNCHBURG CITY","LYNCHBURG CITY","Sheriff (Lynchburg City)","","Donald T. Sloan","1","cs448"
"LYNCHBURG CITY","LYNCHBURG CITY","Treasurer (Lynchburg City)","","Brian K. Triplett","1","cs713"
"MADISON COUNTY","MADISON COUNTY","Member Board of Supervisors At Large","","James W. Jewett","3","cs1060"
"MADISON COUNTY","MADISON COUNTY","Member Board of Supervisors At Large","","Mike D. Snider","3","cs1059"
"MADISON COUNTY","MADISON COUNTY","Member Board of Supervisors At Large","","Nancy L. Sharman","3","cs1058"
"MADISON COUNTY","MADISON COUNTY","Member School Board At Large","","Lauran L. Gordon","3","cs1033"
"MADISON COUNTY","MADISON COUNTY","Member School Board At Large","","M. Graham Davidson","3","cs1035"
"MADISON COUNTY","MADISON COUNTY","Member School Board At Large","","Mitchell P. Dickey","3","cs1036"
"MANASSAS CITY","MANASSAS CITY","Commissioner of Revenue (Manassas City)","","Tim Demeria","1","cs451"
"MANASSAS CITY","MANASSAS CITY","Treasurer (Manassas City)","","Patricia E. Richie-Folks","1","cs734"
"MANASSAS PARK CITY","MANASSAS PARK CITY","Commissioner of Revenue (Manassas Park City)","","Lucy J. Pullen","1","cs497"
"MANASSAS PARK CITY","MANASSAS PARK CITY","Member City Council - Special (Manassas Park City)","","Kevin J. Moreau","1","cs671"
"MANASSAS PARK CITY","MANASSAS PARK CITY","Treasurer (Manassas Park City)","","Donald E. Shuemaker Jr.","1","cs485"
"MARTINSVILLE CITY","MARTINSVILLE CITY","Commissioner of Revenue (Martinsville City)","","Ruth L. Easley","1","cs347"
"MARTINSVILLE CITY","MARTINSVILLE CITY","Commonwealth's Attorney (Martinsville City)","","Patrick A. Flinn","1","cs771"
"MARTINSVILLE CITY","MARTINSVILLE CITY","Sheriff (Martinsville City)","","Steve M. Draper","1","cs610"
"MARTINSVILLE CITY","MARTINSVILLE CITY","Treasurer (Martinsville City)","","Sheila G. Clark","1","cs648"
"MATHEWS COUNTY","MATHEWS COUNTY","Member Board of Supervisors - At Large (Mathews County)","","David W. Walsh","2","cs1070"
"MATHEWS COUNTY","MATHEWS COUNTY","Member Board of Supervisors - At Large (Mathews County)","","Patrick J. Beattie","2","cs1071"
"MATHEWS COUNTY","MATHEWS COUNTY","Member School Board - At Large (Mathews County)","","Amy L. Bohannon-Stewart","2","cs660"
"MATHEWS COUNTY","MATHEWS COUNTY","Member School Board - At Large (Mathews County)","","Linda G. Hodges","2","cs661"
"MECKLENBURG COUNTY","SOUTH HILL WARD 2290B","Member Town Council - Special (South Hill Ward 2)","","George R. ""Randy"" Crocker","1","cs834"
"MIDDLESEX COUNTY","HARTFIELD DISTRICT","Member Board of Supervisors (Hartfield)","","William A. ""Bill"" Harris","1","cs419"
"MIDDLESEX COUNTY","HARTFIELD DISTRICT","Member School Board (Hartfield)","","Karen C. McMinn","1","cs899"
"MIDDLESEX COUNTY","SALUDA DISTRICT","Member Board of Supervisors (Saluda District)","","Don R. Harris","1","cs460"
"MIDDLESEX COUNTY","SALUDA DISTRICT","Member School Board (Saluda District)","","Dana D. Burnett","1","cs699"
"MONTGOMERY COUNTY","BLACKSBURG","Mayor (Blacksburg)","","Michael D. Sutphin","1","cs396"
"MONTGOMERY COUNTY","BLACKSBURG","Member Town Council (Blacksburg)","","Darryl R. Campbell","3","cs410"
"MONTGOMERY COUNTY","BLACKSBURG","Member Town Council (Blacksburg)","","Lauren M. Colliver","3","cs411"
"MONTGOMERY COUNTY","BLACKSBURG","Member Town Council (Blacksburg)","","Susan G. Anderson","3","cs408"
"MONTGOMERY COUNTY","CHRISTIANSBURG","Mayor  (Christiansburg)","","D. Michael Barber","1","cs181"
"MONTGOMERY COUNTY","CHRISTIANSBURG","Member Town Council (Christiansburg)","","Christine A. Waltz","3","cs625"
"MONTGOMERY COUNTY","CHRISTIANSBURG","Member Town Council (Christiansburg)","","E.S. ""Beth"" Umberger","3","cs628"
"MONTGOMERY COUNTY","CHRISTIANSBURG","Member Town Council (Christiansburg)","","Tanya J. Hockett","3","cs627"
"MONTGOMERY COUNTY","DISTRICT A","Member Board of Supervisors (District A)","","Gunin Kiran","1","cs829"
"MONTGOMERY COUNTY","DISTRICT A","Member School Board (District A)","","Matthew Buswell Roberts","1","cs888"
"MONTGOMERY COUNTY","DISTRICT C","Member Board of Supervisors (District C)","","Steve R. Fijalkowski","1","cs694"
"MONTGOMERY COUNTY","DISTRICT C","Member School Board (District C)","","Dana M. Partin","1","cs578"
"MONTGOMERY COUNTY","DISTRICT D","Member Board of Supervisors (District D)","","Michel T. ""Todd"" King","1","cs199"
"MONTGOMERY COUNTY","DISTRICT D","Member School Board (District D)","","Jamie M. Bond","1","cs742"
"NELSON COUNTY","CENTRAL","Member Board of Supervisors (Central District)","","Ernie Q. Reed","1","cs781"
"NELSON COUNTY","CENTRAL","Member School Board (Central District)","","Stacia J. ""Stacy"" Rush","1","cs877"
"NELSON COUNTY","EAST DISTRICT","Member Board of Supervisors (East District)","","Jesse N. Rutherford","1","cs456"
"NELSON COUNTY","EAST DISTRICT","Member School Board (East District)","","Joseph D. ""Joe"" Kennedy","1","cs8"
"NELSON COUNTY","NORTH DISTRICT","Member Board of Supervisors (North District)","","A. Cameron Lenahan","1","cs512"
"NELSON COUNTY","NORTH DISTRICT","Member School Board (North District)","","Joe M. Richardson","1","cs446"
"NEWPORT NEWS CITY","NEWPORT NEWS CITY","Commissioner of Revenue (Newport News City)","","Tiffany M. Boyle","1","cs123"
"NEWPORT NEWS CITY","NEWPORT NEWS CITY","Commonwealth's Attorney (Newport News City)","","Shannon M. Jones","1","cs200"
"NEWPORT NEWS CITY","NEWPORT NEWS CITY","Sheriff (Newport News City)","","Gabe A. Morgan ","1","cs340"
"NEWPORT NEWS CITY","NEWPORT NEWS CITY","Treasurer (Newport News City)","","Sanu Y. Dieng-Cooper","1","cs162"
"NORFOLK CITY","NORFOLK CITY","Commissioner of Revenue (Norfolk City)","","Blythe A. Scott","1","cs128"
"NORFOLK CITY","NORFOLK CITY","Commonwealth's Attorney (Norfolk City)","","Ramin Fatehi","1","cs196"
"NORFOLK CITY","NORFOLK CITY","Sheriff (Norfolk City)","","Joseph P. ""Joe"" Baron","1","cs717"
"NORFOLK CITY","NORFOLK CITY","Treasurer (Norfolk City)","","Daun Sessoms Hester","1","cs75"
"NORFOLK CITY","WARD 3","Member School Board (Ward 3)","","Jodi M. Slaughter","1","cs202"
"NORTHAMPTON COUNTY","DISTRICT 1","Member Board of Supervisors (District 1)","","D. Jon Dempster","1","cs654"
"NORTHAMPTON COUNTY","DISTRICT 1","Member School Board (District 1)","","Elizabeth ""Liz"" Jones","1","cs61"
"NORTHAMPTON COUNTY","DISTRICT 2","Member Board of Supervisors (District 2)","","Ernest L. Smith Jr.","1","cs653"
"NORTHAMPTON COUNTY","DISTRICT 2","Member School Board (District 2)","","Wayne C. Bell, Jr.","1","cs603"
"NORTHAMPTON COUNTY","DISTRICT 3","Member Board of Supervisors (District 3)","","Oliver H. Bennett","1","cs434"
"NORTHAMPTON COUNTY","DISTRICT 3","Member School Board (District 3)","","Betty Ann Borden","1","cs835"
"NORTHAMPTON COUNTY","NORTHAMPTON COUNTY","Member School Board At Large (Northampton County)","","Jill Goodman Bieri","1","cs292"
"NORTHUMBERLAND COUNTY","DISTRICT 2","Member Board of Supervisors (District 2)","","B. Keith Harris","1","cs394"
"NORTHUMBERLAND COUNTY","DISTRICT 2","Member School Board (District 2)","","Cheryl Brown Davis","1","cs990"
"NORTHUMBERLAND COUNTY","DISTRICT 3","Member Board of Supervisors (District 3)","","James M. Long","1","cs632"
"NORTHUMBERLAND COUNTY","DISTRICT 3","Member School Board (District 3)","","Carolyn A. Crockett","1","cs146"
"NORTON CITY","NORTON CITY","Commissioner of Revenue (Norton City)","","Marcus L. Adkins, Jr.","1","cs469"
"NORTON CITY","NORTON CITY","Sheriff (Norton City)","","Jason F. McConnell","1","cs104"
"NORTON CITY","NORTON CITY","Treasurer (Norton City)","","Kristy L. Wells","1","cs592"
"NOTTOWAY COUNTY","BLACKSTONE","Mayor (Blackstone)","","Lafayette Dickens","1","cs180"
"NOTTOWAY COUNTY","CREWE","Member Town Council - Special (Crewe)","","Richard A. Payne","1","cs455"
"ORANGE COUNTY","DISTRICT FOUR","Member Board of Supervisors (District Four)","","Crystal D. Hale","1","cs22"
"ORANGE COUNTY","DISTRICT FOUR","Member School Board (District Four)","","A. Tina Whittington","1","cs767"
"ORANGE COUNTY","DISTRICT ONE","Member Board of Supervisors (District One)","","J. Jason Capelle","1","cs503"
"ORANGE COUNTY","DISTRICT ONE","Member School Board (District One)","","Rod C. Hawkins","1","cs336"
"ORANGE COUNTY","GORDONSVILLE","Member Town Council - Special (Gordonsville)","","Mary C. ""Cyd"" Black","1","cs23"
"PAGE COUNTY","DISTRICT 1","Member Board of Supervisors (District 1)","","J. Jeremy Baldwin","1","cs1045"
"PAGE COUNTY","DISTRICT 1","Member School Board (District 1)","Write-In","Daniel D. ""Dan"" Bogdewic","1","DanielD.""Dan""Bogdewic-1-"
"PAGE COUNTY","DISTRICT 4","Member Board of Supervisors (District 4)","","Susan K. Kile","1","cs794"
"PAGE COUNTY","DISTRICT 5","Member Board of Supervisors (District 5)","","Jeffery P. Vaughan","1","cs274"
"PAGE COUNTY","DISTRICT 5","Member School Board (District 5)","","M. ""Charles"" Queen Jr.","1","cs93"
"PAGE COUNTY","LURAY","Member Town Council - Special (Town of Luray)","","Jerry R. Dofflemyer","1","cs361"
"PAGE COUNTY","PAGE COUNTY","Chairman Board of Supervisors (Page County)","","Clifton B. ""Bucky"" Thomas","1","cs910"
"PAGE COUNTY","PAGE COUNTY","Chairman School Board (Page County)","","Duane E. Painter","1","cs206"
"PAGE COUNTY","PAGE COUNTY","Commonwealth's Attorney (Page County)","","Chapman L. Good","1","cs651"
"PATRICK COUNTY","DAN RIVER DISTRICT","Member Board of Supervisors (Dan River District)","","Andrew T. Overby","1","cs145"
"PATRICK COUNTY","DAN RIVER DISTRICT","Member School Board (Dan River District)","","Robert S. ""Rob"" Martin","1","cs846"
"PATRICK COUNTY","SMITH RIVER DISTRICT","Member Board of Supervisors (Smith River District)","","Richard Martin Swink, Jr.","1","cs195"
"PATRICK COUNTY","SMITH RIVER DISTRICT","Member School Board (Smith River District)","","Walter L. Scott","1","cs418"
"PETERSBURG CITY","PETERSBURG CITY","Commissioner of Revenue (Petersburg City)","","Brittany C. Flowers","1","cs815"
"PETERSBURG CITY","PETERSBURG CITY","Commonwealth's Attorney (Petersburg City)","","Tiffany Buckner","1","cs169"
"PETERSBURG CITY","PETERSBURG CITY","Sheriff (Petersburg City)","","Vanessa Reese Crawford","1","cs433"
"PETERSBURG CITY","PETERSBURG CITY","Treasurer (Petersburg City)","","Paul Z. Mullin Jr.","1","cs297"
"PITTSYLVANIA COUNTY","BANISTER DISTRICT","Member Board of Supervisors (Banister District)","","Robert M. Tucker Jr.","1","cs702"
"PITTSYLVANIA COUNTY","BANISTER DISTRICT","Member School Board (Banister District)","","Willie T. Fitzgerald Jr.","1","cs940"
"PITTSYLVANIA COUNTY","CALLANDS-GRETNA DISTRICT","Member Board of Supervisors (Callands-Gretna District)","","Darrell W. Dalton","1","cs258"
"PITTSYLVANIA COUNTY","CALLANDS-GRETNA DISTRICT","Member School Board (Callands-Gretna District)","","Calvin D. ""Bunky"" Doss","1","cs586"
"PITTSYLVANIA COUNTY","DAN RIVER DISTRICT","Member Board of Supervisors (Dan River District)","","Justin N. Brown","1","cs954"
"PITTSYLVANIA COUNTY","DAN RIVER DISTRICT","Member School Board (Dan River District)","","Kelly H. Merricks","1","cs599"
"PITTSYLVANIA COUNTY","PITTSYLVANIA COUNTY","Treasurer (Pittsylvania County)","","Vanessa Reynolds Scearce","1","cs532"
"POQUOSON CITY","POQUOSON CITY","Commissioner of Revenue (Poquoson City)","","Thomas J. Cannella II","1","cs176"
"POQUOSON CITY","POQUOSON CITY","Treasurer (Poquoson City)","","Steven D. Clarke","1","cs58"
"PORTSMOUTH CITY","PORTSMOUTH CITY","Commissioner of Revenue (Portsmouth City)","","F. D. ""Frankie"" Edmondson","1","cs908"
"PORTSMOUTH CITY","PORTSMOUTH CITY","Commonwealth's Attorney (Portsmouth City)","","Stephanie N. Morales","1","cs743"
"PORTSMOUTH CITY","PORTSMOUTH CITY","Sheriff (Portsmouth City)","","Michael A. Moore","1","cs1015"
"PORTSMOUTH CITY","PORTSMOUTH CITY","Treasurer (Portsmouth City)","","Paige D. Cherry","1","cs518"
"PRINCE EDWARD COUNTY","DISTRICT 3","Member Board of Supervisors (District 3)","","Jerry R. Townsend","1","cs378"
"PRINCE EDWARD COUNTY","DISTRICT 3","Member School Board (District 3)","","Timothy W. Corbett","1","cs530"
"PRINCE EDWARD COUNTY","DISTRICT 5","Member Board of Supervisors (District 5)","","Llew W. Gilliam, Jr.","1","cs524"
"PRINCE EDWARD COUNTY","DISTRICT 5","Member School Board (District 5)","","Lucy B. Carson","1","cs556"
"PRINCE EDWARD COUNTY","DISTRICT 6","Member Board of Supervisors (District 6)","","J. David Emert","1","cs978"
"PRINCE EDWARD COUNTY","DISTRICT 6","Member School Board (District 6)","","Robyn J. Simpson","1","cs1063"
"PRINCE EDWARD COUNTY","DISTRICT 7","Member Board of Supervisors (District 7)","","Brett V. ""Cannon"" Watson","1","cs290"
"PRINCE EDWARD COUNTY","DISTRICT 7","Member School Board (District 7)","","M. Susan Kimbrough","1","cs77"
"PRINCE GEORGE COUNTY","DISTRICT 1","Member Board of Supervisors (District 1)","","R. B. ""Ford"" Pugh IV","1","cs166"
"PRINCE GEORGE COUNTY","DISTRICT 1","Member School Board (District 1)","","Robert E. L. Eley III","1","cs564"
"PRINCE GEORGE COUNTY","DISTRICT 2","Member Board of Supervisors (District 2)","","B. Scott Hammel","1","cs637"
"PRINCE GEORGE COUNTY","DISTRICT 2","Member School Board (District 2)","","Jessica N. Vlkojan","1","cs300"
"PRINCE WILLIAM COUNTY","GAINESVILLE DISTRICT","Member Board of Supervisors (Gainesville District)","","George T. Stewart","1","cs382"
"PRINCE WILLIAM COUNTY","OCCOQUAN","Member Town Council - Special - Occoquan","","Robert E. ""Bob"" Love","1","cs544"
"PULASKI COUNTY","DUBLIN","Member Town Council - Special (Town of Dublin)","","Jared M. Smith","2","cs267"
"PULASKI COUNTY","DUBLIN","Member Town Council - Special (Town of Dublin)","","P. Douglas Poe","2","cs268"
"RADFORD CITY","RADFORD CITY","Commissioner of Revenue (Radford City)","","Kelsey Renee Marletta","1","cs253"
"RADFORD CITY","RADFORD CITY","Commonwealth's Attorney (Radford City)","","Chris E. Rehak","1","cs758"
"RADFORD CITY","RADFORD CITY","Sheriff (Radford City)","","Mark R. Armentrout","1","cs445"
"RADFORD CITY","RADFORD CITY","Treasurer (Radford City)","","Joy M. Morrison","1","cs825"
"RAPPAHANNOCK COUNTY","PIEDMONT DISTRICT","Member Board of Supervisors (Piedmont District)","","Gary T. Settle","1","cs43"
"RAPPAHANNOCK COUNTY","PIEDMONT DISTRICT","Member School Board (Piedmont District)","","Rachel L. Bynum","1","cs1024"
"RAPPAHANNOCK COUNTY","STONEWALL-HAWTHORNE DIST","Member Board of Supervisors (Stonewall-Hawthorne District)","","John N. Genho","1","cs449"
"RAPPAHANNOCK COUNTY","STONEWALL-HAWTHORNE DIST","Member School Board (Stonewall-Hawthorne District)","","K. Lynnie Genho","1","cs284"
"RICHMOND CITY","RICHMOND CITY","Commonwealth's Attorney (Richmond City)","","Colette W. McEachin","1","cs667"
"RICHMOND CITY","RICHMOND CITY","Sheriff (Richmond City)","","Antionette V. Irving","1","cs60"
"RICHMOND CITY","RICHMOND CITY","Treasurer (Richmond City)","","Nichole Richardson Armstead","1","cs780"
"RICHMOND COUNTY","DISTRICT 1","Member Board of Supervisors (District 1)","","Richard E. Thomas","1","cs604"
"RICHMOND COUNTY","DISTRICT 4","Member Board of Supervisors  (District 4)","","Robert B. Pemberton","1","cs665"
"ROANOKE CITY","ROANOKE CITY","Commissioner of Revenue (Roanoke City)","","Ryan S. LaFountain","1","cs177"
"ROANOKE CITY","ROANOKE CITY","Commonwealth's Attorney (Roanoke City)","","John M. McNeil, Jr.","1","cs587"
"ROANOKE CITY","ROANOKE CITY","Sheriff (Roanoke City)","","Antonio D. Hash","1","cs566"
"ROANOKE CITY","ROANOKE CITY","Treasurer (Roanoke City)","","Tasha L. Burkett","1","cs86"
"ROANOKE COUNTY","HOLLINS DISTRICT","Member Board of Supervisors (Hollins District)","","Phil C. North","1","cs608"
"ROANOKE COUNTY","HOLLINS DISTRICT","Member School Board (Hollins District)","","David M. Linden","1","cs30"
"ROANOKE COUNTY","VINTON DISTRICT","Member Board of Supervisors (Vinton District)","","Tammy Entsminger Shepherd","1","cs317"
"ROANOKE COUNTY","VINTON DISTRICT","Member School Board (Vinton District)","","Timothy D. Greenway","1","cs360"
"ROANOKE COUNTY","WINDSOR HILLS DISTRICT","Member Board of Supervisors (Windsor Hills District)","","David F. Radford","1","cs486"
"ROANOKE COUNTY","WINDSOR HILLS DISTRICT","Member School Board (Windsor Hills District)","","Ryan M. White","1","cs79"
"ROCKBRIDGE COUNTY","GLASGOW","Mayor (Town of Glasgow)","","Paul W. Williams","1","cs496"
"ROCKBRIDGE COUNTY","GLASGOW","Member Town Council (Town of Glasgow)","","Kent W. Dunn","3","cs679"
"ROCKBRIDGE COUNTY","GLASGOW","Member Town Council (Town of Glasgow)","","Lisa B. Rogers","3","cs677"
"ROCKBRIDGE COUNTY","GLASGOW","Member Town Council (Town of Glasgow)","","Thomas E. ""Tom"" Camden","3","cs678"
"ROCKBRIDGE COUNTY","KERRS CREEK DISTRICT","Member Board of Supervisors  (Kerrs Creek District)","","Steven D. Hart","1","cs52"
"ROCKBRIDGE COUNTY","KERRS CREEK DISTRICT","Member School Board  (Kerrs Creek District)","","M. C. ""Catie"" Brown","1","cs961"
"ROCKBRIDGE COUNTY","SOUTH RIVER DISTRICT","Member School Board  (South River District)","","Corey W. Berkstresser","1","cs783"
"ROCKBRIDGE COUNTY","WALKERS CREEK DISTRICT","Member Board of Supervisors  (Walkers Creek District)","","Albert J. ""Jay"" Lewis II","1","cs818"
"ROCKINGHAM COUNTY","BROADWAY","Member Town Council (Town of Broadway)","","Elizabeth M. ""Liz"" Fawley","3","cs321"
"ROCKINGHAM COUNTY","BROADWAY","Member Town Council (Town of Broadway)","","Joan Hoover Shifflett","3","cs320"
"ROCKINGHAM COUNTY","BROADWAY","Member Town Council (Town of Broadway)","","Tristan J. Sinnett","3","cs323"
"ROCKINGHAM COUNTY","DAYTON","Member Town Council - Special (Dayton)","","Trevor A. Cockburn","1","cs962"
"ROCKINGHAM COUNTY","DISTRICT 1","Member Board of Supervisors (District 1)","","Dewey L. Ritchie","1","cs232"
"ROCKINGHAM COUNTY","DISTRICT 1","Member School Board (District 1)","","Jacqueline O. ""Jackie"" Lohr","1","cs92"
"ROCKINGHAM COUNTY","DISTRICT 3","Member Board of Supervisors (District 3)","","Matt J. Dale","1","cs15"
"ROCKINGHAM COUNTY","DISTRICT 3","Member School Board (District 3)","","Hilary L. Irons","1","cs1019"
"SALEM CITY","SALEM CITY","Commissioner of Revenue (Salem City)","","Kristie D. Chittum","1","cs46"
"SALEM CITY","SALEM CITY","Commonwealth's Attorney (Salem City)","","Matthew J. Pollard","1","cs817"
"SALEM CITY","SALEM CITY","Sheriff (Salem City)","","Christopher G. ""Chris"" Shelor","1","cs343"
"SALEM CITY","SALEM CITY","Treasurer (Salem City)","","Danielle C. Crawford","1","cs190"
"SHENANDOAH COUNTY","DISTRICT 1","Member Board of Supervisors (District 1)","","Mark H. Dotson","1","cs453"
"SHENANDOAH COUNTY","DISTRICT 1","Member School Board (District 1)","","L. M. ""Mike"" Scheibe, II","1","cs137"
"SHENANDOAH COUNTY","DISTRICT 4","Member Board of Supervisors (District 4)","","Kyle L. Gutshall","1","cs269"
"SHENANDOAH COUNTY","DISTRICT 4","Member School Board (District 4)","","Whitney L. Pence","1","cs974"
"SHENANDOAH COUNTY","DISTRICT 5","Member Board of Supervisors (District 5)","","Dennis M. Morris","1","cs898"
"SHENANDOAH COUNTY","DISTRICT 5","Member School Board (District 5)","","Larry E. Vance","1","cs275"
"SHENANDOAH COUNTY","NEW MARKET","Member Town Council - Special (New Market)","","Jon W. Henry","1","cs970"
"SHENANDOAH COUNTY","TOMS BROOK","Member Town Council - Special (Toms Brook)","","Tony E. Stillwell","1","cs105"
"SMYTH COUNTY","CHILHOWIE DISTRICT","Member Board of Supervisors (Chilhowie District)","","Mike L. Sturgill","1","cs525"
"SMYTH COUNTY","CHILHOWIE DISTRICT","Member School Board (Chilhowie District)","","Benjamen L. Adams","1","cs387"
"SMYTH COUNTY","ROYAL OAK DISTRICT","Member Board of Supervisors (Royal Oak District)","","S. Courtney Widener","1","cs909"
"SMYTH COUNTY","ROYAL OAK DISTRICT","Member School Board (Royal Oak District)","","Paul L. Grinstead","1","cs523"
"SMYTH COUNTY","SALTVILLE DISTRICT","Member Board of Supervisors (Saltville District)","","Roscoe D. ""Mike"" Call","1","cs602"
"SMYTH COUNTY","SALTVILLE DISTRICT","Member School Board (Saltville District)","","Joseph D. Johnson","1","cs887"
"SOUTHAMPTON COUNTY","BRANCHVILLE","Member Town Council (Branchville)","","Betty M. Smith","3","cs785"
"SOUTHAMPTON COUNTY","BRANCHVILLE","Member Town Council (Branchville)","","Christopher M. Fatherly","3","cs786"
"SOUTHAMPTON COUNTY","BRANCHVILLE","Member Town Council (Branchville)","","Kelly Joe Ray","3","cs784"
"SOUTHAMPTON COUNTY","CENTRAL","Member Board of Supervisors (Central)","","Alan W. Edwards","1","cs398"
"SOUTHAMPTON COUNTY","SOUTHAMPTON COUNTY","Member School Board (At-Large)","","Jayson C. Williams","2","cs854"
"SOUTHAMPTON COUNTY","SOUTHAMPTON COUNTY","Member School Board (At-Large)","","Michael T. Grizzard","2","cs855"
"SOUTHAMPTON COUNTY","SOUTHEAST","Member Board of Supervisors (Southeast)","","Robert T. White","1","cs652"
"SOUTHAMPTON COUNTY","SOUTHEAST","Member School Board (Southeast District)","","Jennifer A. Tindle","1","cs197"
"SPOTSYLVANIA COUNTY","BATTLEFIELD DISTRICT","Member Board of Supervisors (Battlefield District)","","Chris J. ""Yak"" Yakabouski","1","cs1003"
"SPOTSYLVANIA COUNTY","BATTLEFIELD DISTRICT","Member School Board (Battlefield District)","","Jennifer M. Craig-Ford","1","cs327"
"SPOTSYLVANIA COUNTY","BERKELEY DISTRICT","Member Board of Supervisors (Berkeley District)","","David S. Goosman","1","cs224"
"SPOTSYLVANIA COUNTY","BERKELEY DISTRICT","Member School Board (Berkeley District)","","Lawrence A. DiBella III","1","cs178"
"SPOTSYLVANIA COUNTY","LEE HILL DISTRICT","Member Board of Supervisors (Lee Hill District)","","Lori C. Hayes","1","cs213"
"SPOTSYLVANIA COUNTY","LEE HILL DISTRICT","Member School Board (Lee Hill District)","","Richard J. ""Rich"" Lieberman","1","cs807"
"STAFFORD COUNTY","AQUIA DISTRICT","Member Board of Supervisors (Aquia District)","","Maya P. Guy","1","cs618"
"STAFFORD COUNTY","AQUIA DISTRICT","Member School Board (Aquia District)","","Josh G. Regan","1","cs381"
"STAFFORD COUNTY","FALMOUTH DISTRICT","Member Board of Supervisors (Falmouth District)","","Kecia S. Evans","1","cs19"
"STAFFORD COUNTY","FALMOUTH DISTRICT","Member School Board (Falmouth District)","","Sarah D. Breedin Chase","1","cs633"
"STAFFORD COUNTY","GARRISONVILLE","Member Board of Supervisors (Garrisonville)","","R. Pamela Yeung","1","cs287"
"STAFFORD COUNTY","GARRISONVILLE","Member School Board (Garrisonville)","","Wanda D. Blackwell","1","cs356"
"STAFFORD COUNTY","HARTWOOD DISTRICT","Member Board of Supervisors (Hartwood District)","","Darrell E. English","1","cs958"
"STAFFORD COUNTY","HARTWOOD DISTRICT","Member School Board (Hartwood District)","","Shannon M. Fingerholz","1","cs302"
"STAUNTON CITY","STAUNTON CITY","Commissioner of Revenue (Staunton City)","","Maggie A. Ragon","1","cs1065"
"STAUNTON CITY","STAUNTON CITY","Commonwealth's Attorney (Staunton City)","","John B. Baber II","1","cs697"
"STAUNTON CITY","STAUNTON CITY","Sheriff (Staunton City)","","Chris M. Hartless","1","cs36"
"STAUNTON CITY","STAUNTON CITY","Treasurer (Staunton City)","","Richard R. ""Rick"" Johnson","1","cs944"
"SUFFOLK CITY","SUFFOLK CITY","Commissioner of Revenue (Suffolk City)","","Susan L. Draper","1","cs762"
"SUFFOLK CITY","SUFFOLK CITY","Commonwealth's Attorney (Suffolk City)","","Narendra R. Pleas","1","cs416"
"SUFFOLK CITY","SUFFOLK CITY","Sheriff (Suffolk City)","","David D. Miles","1","cs457"
"SUFFOLK CITY","SUFFOLK CITY","Treasurer (Suffolk City)","","Andrew R. Owen","1","cs430"
"SURRY COUNTY","CLAREMONT DISTRICT","Member School Board - Special (Claremont District)","","Anthony A. Washington, Sr","1","cs659"
"SURRY COUNTY","DENDRON DISTRICT","Member Board of Supervisors - Special (Dendron District)","","Cameran Amir Drew","1","cs590"
"TAZEWELL COUNTY","POCAHONTAS","Member Town Council - Special (Town of Pocahontas)","","A. Brad Belcher","1","cs891"
"TAZEWELL COUNTY","SOUTHERN DISTRICT","Member Board of Supervisors (Southern District)","","John B. Rhudy","1","cs1007"
"TAZEWELL COUNTY","SOUTHERN DISTRICT","Member School Board (Southern District)","","B. Irene Mullins","1","cs576"
"TAZEWELL COUNTY","TAZEWELL","Member Town Council - Special (Town of Tazewell)","","Glen A. Keen Jr.","1","cs823"
"TAZEWELL COUNTY","WESTERN DISTRICT","Member Board of Supervisors (Western District)","","Curt W. Breeding","1","cs444"
"TAZEWELL COUNTY","WESTERN DISTRICT","Member School Board (Western District)","","Brannon C. Breeding","1","cs614"
"VIRGINIA BEACH CITY","VIRGINIA BEACH CITY","Commissioner of Revenue (Virginia Beach City)","","Philip J. Kellam","1","cs1025"
"VIRGINIA BEACH CITY","VIRGINIA BEACH CITY","Commonwealth's Attorney (Virginia Beach City)","","Colin D. Stolle","1","cs546"
"VIRGINIA BEACH CITY","VIRGINIA BEACH CITY","Sheriff (Virginia Beach City)","","N. D. ""Rocky"" Holcomb III","1","cs278"
"VIRGINIA BEACH CITY","VIRGINIA BEACH CITY","Treasurer (Virginia Beach City)","","V. Leigh Henderson","1","cs500"
"WARREN COUNTY","FORK DISTRICT","Member Board of Supervisors (Fork District)","","Hugh B. Henry","1","cs231"
"WARREN COUNTY","FORK DISTRICT","Member School Board (Fork District)","","George E. Cline Jr.","1","cs164"
"WARREN COUNTY","HAPPY CREEK DISTRICT","Member Board of Supervisors (Happy Creek District)","","Tony F. Carter","1","cs333"
"WARREN COUNTY","HAPPY CREEK DISTRICT","Member School Board (Happy Creek District)","","Sara K. Jones","1","cs593"
"WASHINGTON COUNTY","DISTRICT B","Member Board of Supervisors (District B)","","Randy L. Pennington","1","cs895"
"WASHINGTON COUNTY","DISTRICT B","Member School Board (District B)","","J. Sanders Henderson III","1","cs24"
"WASHINGTON COUNTY","DISTRICT E","Member Board of Supervisors (District E)","","David N. Matlock","1","cs882"
"WASHINGTON COUNTY","DISTRICT E","Member School Board (District E)","","Debbie E. Anderson","1","cs41"
"WASHINGTON COUNTY","DISTRICT G","Member Board of Supervisors (District G)","","Dwayne A. Ball","1","cs74"
"WASHINGTON COUNTY","DISTRICT G","Member School Board (District G)","","Jenny D.  Nichols","1","cs161"
"WAYNESBORO CITY","WAYNESBORO CITY","Commissioner of Revenue (Waynesboro City)","","Sabrina L. von Schilling","1","cs331"
"WAYNESBORO CITY","WAYNESBORO CITY","Commonwealth's Attorney (Waynesboro City)","","David L. Ledbetter","1","cs286"
"WAYNESBORO CITY","WAYNESBORO CITY","Sheriff (Waynesboro City)","","Christopher Johnson Jr.","1","cs889"
"WAYNESBORO CITY","WAYNESBORO CITY","Treasurer (Waynesboro City)","","Stephanie M. Beverage","1","cs925"
"WESTMORELAND COUNTY","WESTMORELAND COUNTY","Treasurer (Westmoreland County)","","Bonnie S. Self","1","cs645"
"WILLIAMSBURG CITY","WILLIAMSBURG CITY","Commissioner of Revenue (Williamsburg City)","","D. P. ""Cash"" Arehart","1","cs613"
"WINCHESTER CITY","WINCHESTER CITY","Commissioner of Revenue (Winchester City)","","Ann T. Burkholder","1","cs390"
"WINCHESTER CITY","WINCHESTER CITY","Commonwealth's Attorney (Winchester City)","","Heather D. Hovermale","1","cs859"
"WINCHESTER CITY","WINCHESTER CITY","Sheriff (Winchester City)","","William E. Sales Jr.","1","cs289"
"WINCHESTER CITY","WINCHESTER CITY","Treasurer (Winchester City)","","Gregory E. Price","1","cs1021"
"WISE COUNTY","BIG STONE GAP","Member Town Council (Town of Big Stone Gap)","","Adam L. Harris","4","cs788"
"WISE COUNTY","BIG STONE GAP","Member Town Council (Town of Big Stone Gap)","","Crystal S. Lyke","4","cs790"
"WISE COUNTY","BIG STONE GAP","Member Town Council (Town of Big Stone Gap)","","J. Kent Gilley, Jr.","4","cs792"
"WISE COUNTY","BIG STONE GAP","Member Town Council (Town of Big Stone Gap)","","William A. ""Turk"" Hollinger","4","cs789"
"WISE COUNTY","DISTRICT FOUR","Member Board of Supervisors (District Four)","","J. Tim Boardwine","1","cs346"
"WISE COUNTY","DISTRICT FOUR","Member School Board (District Four)","","Angela D. Owens","1","cs62"
"WISE COUNTY","DISTRICT ONE","Member Board of Supervisors (District One)","","Randy D. Carter","1","cs476"
"WISE COUNTY","DISTRICT ONE","Member School Board (District One)","","Justin L. Bevins","1","cs691"
"WISE COUNTY","DISTRICT THREE","Member Board of Supervisors (District Three)","","John T. Schoolcraft","1","cs609"
"WISE COUNTY","DISTRICT THREE","Member School Board (District Three)","","Stephanie M. Kern","1","cs282"
"WISE COUNTY","DISTRICT TWO","Member Board of Supervisors (District Two)","","Robert R. ""Bob"" Adkins","1","cs942"
"WISE COUNTY","DISTRICT TWO","Member School Board (District Two)","","Mary Dora Smith","1","cs349"
"WYTHE COUNTY","DISTRICT 1","Member Board of Supervisors (District 1)","","Bradley D. Martin","1","cs285"
"WYTHE COUNTY","DISTRICT 1","Member School Board (District 1)","","Rusty S. Rhea","1","cs902"
"WYTHE COUNTY","DISTRICT 3","Member Board of Supervisors (District 3)","","Sarah P. Crockett","1","cs88"
"WYTHE COUNTY","DISTRICT 3","Member School Board (District 3)","","Peggy A. Wagy","1","cs450"
"WYTHE COUNTY","DISTRICT 5","Member Board of Supervisors (District 5)","","Jesse R. Burnett","1","cs101"
"WYTHE COUNTY","DISTRICT 5","Member School Board (District 5)","Write-In","Pamela S. Blair","1","PamelaS.Blair-2-"
"WYTHE COUNTY","RURAL RETREAT","Member Town Council - Special (Town of Rural Retreat)","","Geary W. ""Shug"" Jonas","1","cs841"
"WYTHE COUNTY","WYTHE COUNTY","Sheriff (Wythe County)","","Anthony R. Cline","1","cs261"
